,num,Area99,Mean_Dist,P_massfill,P_3dcat,P_2dcat,DegArea,P_2d,P_onlymass
0,53,1949,473.7071231,0.40483848657392596,0.3862260797265823,0.38414018956331175,1325.740432,0.38427642871007794,0.08337139942084541
1,155,974,206.1544903,0.3501924711949679,0.3467565954176573,0.2291247833738149,419.8689478,0.26623748449305923,0.034814362427151885
2,160,3168,313.3471333,0.18695490551711325,0.17805440603996256,0.13091516197959763,1836.620108,0.15262941718453016,0.03606016323465579
3,165,3277,431.2188229,0.29001170237858365,0.27922671348670025,0.2673611092305584,2083.621128,0.2853852334675368,0.014599656621637862
4,192,6551,498.0245419,0.07958477974418443,0.07012583065709375,0.06804293486042248,3279.468005,0.0715032664990616,0.0067211616202553035
5,213,3400,355.8429284,0.39653375800287677,0.20197009691084702,0.18793862115994264,2075.647853,0.38802113573388686,0.023150018962166948
6,284,335,239.4866767,0.6988058175698298,0.6860928478473021,0.6380641341634598,135.230927,0.6391056562939775,0.1979586427541863
7,304,5550,283.8215782,0.14030487145542964,0.13642134310609974,0.10543627675853247,3099.544778,0.11271975461243604,0.022689528964575253
8,344,3320,269.0719049,0.2221955656512038,0.2159020134707547,0.1726569755914794,1943.013486,0.17547379655823583,0.06767375086243611
9,377,3131,264.2925491,0.15666659323667345,0.14616007139381604,0.11702215104884986,1416.659363,0.11812151001592229,0.02824822431636344
10,383,1453,150.308288,0.4922693812170645,0.49037264140597137,0.3018787909771746,647.5006808,0.35993794684394315,0.01452014500766844
11,405,1017,281.4054032,0.8903555092135065,0.8866282629179222,0.8777051156761498,252.7580379,0.8722062595890885,0.12317353981742596
12,428,542,122.5592903,0.6970779092738433,0.6542321868588244,0.5323010010298752,218.2946093,0.5562123239067255,0.09614681480425148
13,446,3616,478.8757792,0.13454648278650516,0.11084816159263601,0.10929424432794232,1507.735661,0.12129461454600787,0.02597775933894942
14,448,4052,463.5521972,0.1878261968289988,0.17624036558008557,0.1802602639053663,2111.016144,0.18011159782025846,0.024256745950610815
15,507,919,439.3283979,0.9464773218894582,0.1660788095352708,0.16083390674528802,217.5208869,0.9363868835186276,0.00949948283606086
16,521,3663,453.7709198,0.38566607215506693,0.3722384354584109,0.3768646777472789,1771.142217,0.3594242347669318,0.045644086657531696
17,522,2759,209.2652554,0.36931514441794666,0.3663165216666532,0.32935907650713175,1266.701484,0.2945818445871818,0.054851564669933496
18,580,2792,156.2673687,0.3098820388294633,0.30192815258096417,0.1866370500825155,1555.876927,0.1669398449104346,0.031375688152202125
19,604,308,200.8505865,0.8151786256244334,0.8083814553598659,0.7382169956051449,122.8513697,0.7855659740470107,0.10968163408435438
20,633,1785,248.0430299,0.35570111735721915,0.3489851821533906,0.29609984417164564,1039.581194,0.18440979737685667,0.020318467750415282
21,652,1272,196.4730397,0.4504761298617144,0.44578042677480095,0.3323929569364677,768.975087,0.2735335761341301,0.048850314912731146
22,687,394,121.1782691,0.8660330851203751,0.8374644721196906,0.7533568439289773,171.1762306,0.8011671749808439,0.30767999633132936
23,733,4263,311.4747557,0.19756941144561604,0.18392906708199708,0.1470197077928336,2628.374105,0.1745289220332817,0.017270534633920438
24,736,2312,198.8107032,0.2954769275086106,0.291336319132242,0.23205193800562735,937.4236186,0.19947992722124733,0.04540534838052378
25,759,5459,357.134182,0.14693058932745356,0.14139705681998088,0.1296637116380558,2360.889115,0.1184134026802615,0.017452665826731866
26,783,2193,395.0139564,0.33739027595070603,0.30614472687106736,0.28083256231494547,1345.542478,0.32185152304388753,0.012023663110417077
27,794,1969,151.1226148,0.5522788278080085,0.5355476659026288,0.46246233585968627,818.349063,0.5057508778407188,0.07090709550516629
28,964,964,483.0852257,0.4715152942947085,0.43470699882655,0.43805711492257454,551.0214402,0.4384907687610806,0.13958129890361726
29,967,6712,314.085988,0.0855809658758247,0.0812326770660334,0.06344016298797552,2792.652405,0.06211330797196222,0.00943949867352349
30,980,5341,303.4643198,0.15862523977790816,0.15333129563957537,0.13610380434789224,2913.903874,0.11573507565199205,0.01205557576416628
31,983,1330,226.000706,0.3318975466859653,0.3216447078156038,0.23060217341023745,645.3368811,0.25218857377873244,0.08084646747260824
32,989,6446,444.9349822,0.11550432792793568,0.0973883313029289,0.09864725488611363,3196.181386,0.09073960514203591,0.01604318698965933
33,1002,2749,287.3223007,0.31272340047593805,0.305950508568991,0.25921060383638334,2014.471333,0.26780529122455193,0.023588933076064293
34,1019,2737,664.7621896,0.5563281888880156,0.5092143403227247,0.5057980589515156,1277.730306,0.5445256964522088,0.04746484897343838
35,1065,105,137.0652273,0.9905196716442759,0.9319794159806482,0.9813023318704973,82.31618782,0.985614606057067,0.7152872867377071
36,1099,1339,328.2995627,0.2654960888360598,0.24736662797247994,0.21465752367093538,642.2419918,0.2448942664166305,0.04627214341907266
37,1115,1851,637.4072195,0.47932659137878453,0.4026179943245839,0.44512499783083,1267.829282,0.4742472287635897,0.07392159498968963
38,1121,2313,125.8755849,0.3192300019317261,0.31555151034549167,0.1462179015024332,1129.411669,0.12124855096672262,0.04346984901908504
39,1153,625,412.229295,0.6688695534193441,0.6124499037267932,0.6036962990958717,374.6520901,0.6548390143951466,0.0894624454580151
40,1172,918,174.4246647,0.6104608965963164,0.5842330279614635,0.5251506407494672,605.5229658,0.47782591145846925,0.007855772242919805
41,1243,5261,239.3704352,0.1632300323473565,0.16028667162045002,0.09987600594126377,2830.879534,0.09952977794460385,0.014704654918135053
42,1273,3537,216.6940288,0.24397713965886159,0.23625998183872862,0.17748472945181043,2040.528728,0.15584038048430005,0.004840424388015921
43,1357,2953,397.5796555,0.15298949416724877,0.13827555990917595,0.1393025353188875,1791.009833,0.14018167834549197,0.018880495452306148
44,1365,3033,391.3608769,0.18467287399998528,0.18170626085359928,0.16421662090494576,1767.326061,0.15778287177708775,0.056792315963997995
45,1371,4289,432.7572527,0.4468311757922331,0.428734360682892,0.42620462957693306,2750.491095,0.4413241435282659,0.010972299096366772
46,1417,4668,286.8076645,0.09453919484852688,0.09185442073798503,0.06954168807975235,2744.878329,0.057188478408759326,0.024308126502851496
47,1462,3221,234.8760144,0.2576955010826458,0.2568048387511093,0.1825211539578168,1757.215215,0.17581721369436687,0.03317442285144226
48,1528,4026,433.5281839,0.4436727517240019,0.43430812954682796,0.4260892076740696,2370.370492,0.4339314920583386,0.006507187063073874
49,1565,217,136.8630431,0.7688916953368523,0.3525140276761195,0.3699957036598364,87.26014239,0.6796848742167584,0.21606577943168703
50,1567,4058,443.189735,0.1594280788826746,0.14983774778077638,0.14555652065224947,2373.216217,0.14821866982606136,0.02377778910860159
51,1584,4768,546.2891284,0.07764568140901824,0.062261777854395045,0.06456918278070072,2548.392199,0.0637695568438951,0.010241940363936804
52,1611,4355,611.5489017,0.09845673016485862,0.08549407237985202,0.08471772414669008,2509.876563,0.08852898841887712,0.013265731997944683
53,1661,2875,276.9956648,0.26541635944572456,0.257210518116308,0.20025685876475083,1182.313294,0.22106515920457168,0.043536004650828214
54,1698,2279,518.1282475,0.6274977773444275,0.6156388108283558,0.6178353475769922,1369.829491,0.6221501233499618,0.04548959022408427
55,1700,2731,365.1547435,0.30504161510933586,0.28540254610329385,0.25991929321587876,1332.218717,0.2788184688400692,0.023667445008432497
56,1763,4132,251.1234079,0.14401530343823454,0.13825937114432102,0.0825818719838412,2172.599196,0.06303782366739964,0.014636003310592165
57,1788,1417,275.7502296,0.3954550679359072,0.37734429975309325,0.34233757761483896,882.4631051,0.32387767843845744,0.048370863110336185
58,1812,3960,289.4540448,0.12174430869452013,0.11686678137732322,0.09480276842504345,2137.847261,0.06587794098259879,0.026480576608379904
59,1819,2447,180.3090072,0.2601923958821488,0.2594122917994771,0.11060827972281771,1007.806123,0.15281033146191772,0.013636881923755012
60,1836,3115,377.5845679,0.19904402321353007,0.19336962213622663,0.18102551174152695,1683.580454,0.16542439159547664,0.03789473557618617
61,1902,4771,478.9738422,0.23377986778037751,0.2127079012362756,0.20411304879562092,2203.075987,0.21524138067115328,0.023354217614682024
62,1922,3171,95.96776687,0.5531621157089077,0.5527642085235365,0.18244968870885947,2057.930923,0.13208079013677193,0.04537238395765488
63,2008,5495,382.157711,0.10813877100199976,0.09960739505509492,0.08524917141428666,2974.870571,0.08811967899387337,0.007718352763933009
64,2073,2425,275.5667442,0.12148471823206812,0.1199199417850502,0.08888069531150641,1567.954864,0.08576937654762078,0.04270689433796888
65,2074,555,140.0269131,0.649446848714953,0.6300409551902241,0.5374731847649636,304.9252827,0.5436156844257048,0.12818282624470154
66,2077,2143,320.0606727,0.3455093401286252,0.3413011370532945,0.32084465097967885,888.9938462,0.28651313409135987,0.05896043815771745
67,2086,503,194.1872284,0.7051724716819254,0.6887320980217169,0.6378175545822256,203.9217334,0.6703331374853546,0.21430811334868227
68,2093,4979,401.4209228,0.1345495524166799,0.1221713303131313,0.11099615761530858,2919.044538,0.11252444762990846,0.017955105662413484
69,2114,2772,262.8813139,0.15345725751001882,0.15220755599283226,0.11640799551868578,2355.171438,0.0908281391772189,0.05274017647451798
70,2179,5766,428.9798485,0.5758786326564493,0.5408515647115734,0.5503711911462464,2262.128049,0.5670719506457542,0.003443898942378877
71,2191,5881,279.5614917,0.1450697176076155,0.14186921327567856,0.11556818945634467,2962.556583,0.10773647638851097,0.02219539568529526
72,2220,861,650.0873497,0.6428545514625101,0.58800372601047,0.6004515195142813,725.528611,0.6365374150244781,0.08285767666311211
73,2255,562,278.3383031,0.6226530066466006,0.6005127235470741,0.5537598036881586,247.460007,0.5632050577465899,0.07624241644656583
74,2257,429,269.0382895,0.6860175320145128,0.6747000344868773,0.5995451365810979,177.3791232,0.6559494598702404,0.13211184181512875
75,2285,2561,406.0857038,0.4117643984400472,0.3170378822919747,0.3063385558887147,1660.027821,0.40036333470236746,0.019067227733515147
76,2286,4778,457.8484562,0.19473658933797336,0.17515382423719084,0.16911921693190254,2823.470159,0.17025597789963917,0.019904398049209633
77,2290,3067,353.1271323,0.19165111122285758,0.18098923014302823,0.14974478565661323,1239.162214,0.15608582719798583,0.04461709798969376
78,2312,5294,462.8297901,0.20691830848547346,0.19180566732659557,0.1916681507272381,2599.825063,0.19545090957541217,0.01879757693869444
79,2347,1631,695.9735833,0.5434239118527665,0.45094459048190877,0.4810801020462553,1396.031139,0.53791543469568,0.013881236268510655
80,2357,607,104.1150489,0.6714983088843632,0.6647100291965338,0.46611660980429354,318.4457526,0.4637078175789823,0.049891011208656806
81,2370,3282,323.8162323,0.33740070168869074,0.3135377995904759,0.3212377857435533,1484.261713,0.32765438714349154,0.030699767274605005
82,2377,1794,310.599209,0.5308300693238077,0.4971521520299164,0.2112543480527471,235.9459696,0.23795937246577228,0.03919410606172353
83,2438,578,247.4111718,0.8185013805925991,0.8093366874742726,0.7569625224423829,396.3818851,0.6996739640260146,0.25795615273051775
84,2477,1032,169.1010427,0.5618667156891808,0.5611963683059262,0.37560594320610313,427.5930572,0.4125279810875072,0.08821869396134807
85,2505,2182,276.5488509,0.3886073760316687,0.37691139556878434,0.3279568728627417,1320.114553,0.314880404871316,0.009006102542384613
86,2518,1479,400.4591812,0.3239752393811493,0.29703626447465553,0.28470531986842346,1033.286504,0.2911153833960539,0.0234573895574706
87,2526,3448,393.1999475,0.12557872604444006,0.11464440302215236,0.10358610787509458,1935.774592,0.11186237109276663,0.024120223416413806
88,2534,2363,439.2762298,0.3746197179027797,0.322429130788145,0.3068118101198579,1449.85074,0.3581569622172702,0.02981878566952868
89,2576,500,136.460725,0.6864480866780245,0.6634235225086943,0.5397512778336444,199.3318552,0.541196035795921,0.11909574926579178
90,2595,3335,731.9913207,0.1320570106006406,0.10813276278875762,0.1100424555929048,1725.545055,0.11806332399093815,0.03564300416523125
91,2618,4908,260.2939567,0.11553979748453069,0.11263506073061344,0.07160687722045611,2726.702411,0.04329272340701577,0.014450067335528359
92,2625,2294,164.9143506,0.6551154806631801,0.6464979211729008,0.4197381744184465,956.5568539,0.4576981698229572,0.05685726353962236
93,2644,4763,449.0590097,0.15138492832375286,0.13799603626210385,0.1251778544339361,2857.304118,0.13375648595576678,0.016208787365758766
94,2677,2525,200.9377068,0.17675577574606668,0.1752374852358632,0.10576566013843097,1079.159059,0.10116802839290426,0.027696837222358477
95,2679,1966,247.9476495,0.5730038310669099,0.5644199371867908,0.47017899202460184,163.2029564,0.4792348855931453,0.09261801038576481
96,2702,954,429.8389153,0.4256859289151213,0.3433841708332152,0.3394804959101934,615.0961404,0.39496472315393033,0.008374714136326117
97,2727,558,249.2037511,0.45589262312892165,0.44656956034919437,0.37567158101323767,230.8184199,0.3852509091851651,0.07811690836999632
98,2728,1598,147.7225427,0.8453883186070376,0.7892872894074735,0.7573625705117998,362.7970903,0.806405375190266,0.008686687127117959
99,2783,2553,367.6376975,0.338761668992329,0.3112158682778741,0.3027862887608471,1487.68445,0.3288241684732612,0.024170647421151544
100,2798,2251,181.6901008,0.32039454742096646,0.31741843096039946,0.20928515210351756,1203.610329,0.18107054734123018,0.06355578583193573
101,2809,2054,182.1347365,0.3253184296424201,0.321229595886478,0.21747160210313018,863.8019716,0.26005156190719997,0.028797637094378246
102,2891,3250,352.3514138,0.14753473080187518,0.14334277225616643,0.12542399004747445,1741.255552,0.10169770102901932,0.02494903933356821
103,2950,604,167.9492856,0.6634351435239956,0.65856526551513,0.5838472898120454,249.7024904,0.5603783505028626,0.13410195184185147
104,2971,5671,551.2851528,0.4481718680127147,0.41618724685527825,0.411569847685759,3091.55839,0.44542108401148134,0.00550583923266772
105,2981,3493,460.0216101,0.15479534268891643,0.14518028370382394,0.1391063171049982,1957.242109,0.1501824059281007,0.041169692567678266
106,2993,5620,283.8380246,0.21888076713492446,0.2088868406020964,0.18691879765730413,2601.910179,0.18207779708176436,0.005924382447556446
107,3005,6003,358.1474817,0.153695533071092,0.14817402489691572,0.13114958796233117,2774.699424,0.11586999632684332,0.01426643291095505
108,3012,2421,187.2147375,0.270598077716908,0.2680326339374692,0.20796408939730043,1010.12729,0.18116103299935948,0.05489589633075943
109,3013,4020,163.4348453,0.2229142278824305,0.22206455899508118,0.12859243406882992,1827.663289,0.1282643995745012,0.025895915727587288
110,3046,5826,342.2554029,0.1209807540945167,0.11176755907585537,0.10584064486277205,3171.186221,0.1037481302300776,0.015277348597709347
111,3061,4269,196.5052982,0.26994932578813674,0.2667181235648601,0.1984894219838253,2108.144191,0.22400985191043538,0.00952568943874198
112,3087,4978,369.0326427,0.15215227597823694,0.14742617956836418,0.1413847822524534,2767.172024,0.1324718445346512,0.030447297933769255
113,3090,50,142.5824967,1.0000000000000002,1.0000000000000002,1.0,102.2624873,1.0,1.0
114,3092,1976,361.8167927,0.4455308655445386,0.4303114628515385,0.4025479749570698,1216.593127,0.406605943859658,0.023697876305982732
115,3141,150,118.9184114,0.95700969581745,0.9558237306151691,0.8510721967580742,57.17676898,0.844747414823206,0.7310315514615313
116,3148,3120,330.0778273,0.17471704723576648,0.1664774243923617,0.1430715393406772,1682.937871,0.1455621898681153,0.05613102102722603
117,3163,761,283.9234723,0.3589501129372068,0.3486208374937073,0.3119244990654256,314.8131918,0.31363376446662566,0.09000505575765562
118,3204,3431,854.8154559,0.1741674397842978,0.1411253658265595,0.14693283665839796,1988.125432,0.1706051977965675,0.048217761077598224
119,3221,495,445.4904587,0.444613970802844,0.38575890457257034,0.35535362578226837,206.9772809,0.4267139261216277,0.15415194392964432
120,3245,2198,468.3335156,0.26866740350132423,0.2384144101810735,0.23485361430859636,1249.928757,0.25820515004286315,0.0240229349284926
121,3261,5475,243.2330228,0.1428270995246167,0.14040582010974276,0.09839455617620094,2327.186295,0.0821907273557901,0.0053466246263883825
122,3283,3966,259.5625033,0.1891979776484921,0.18776367337187913,0.13946277736540447,2305.495842,0.14171020459468692,0.01509011487825043
123,3284,2143,172.3854804,0.20258559257821718,0.10590149672056978,0.07580109696650839,882.9614348,0.1912293371036145,0.02587075757552344
124,3344,2648,216.4567082,0.5974738500878172,0.5950837149189706,0.5311098082649961,1209.603398,0.5402409578430271,0.018480908052614126
125,3353,1018,201.0023846,0.6786459548877504,0.6747352009404581,0.6367743817188423,577.7869873,0.6197068589060702,0.07108142908352606
126,3359,4311,251.3455867,0.1636250188258735,0.16269772791283865,0.13673801208009995,1993.895565,0.11584470519972595,0.011009393631844416
127,3360,4375,383.1361569,0.27879785259227446,0.2620392815229396,0.2576550860266948,2187.863819,0.2620522888773356,0.04843636755100882
128,3383,3340,454.0894625,0.5088232112250619,0.475922925713436,0.44648811881899625,1850.756933,0.5008572322640683,0.019578437352568166
129,3401,5656,206.8439596,0.1513273728031108,0.15121394437215782,0.06022914377675136,2355.459945,0.07334800526469316,0.007418686730509968
130,3439,3536,368.2672065,0.4174384341603192,0.41254301881465855,0.39735101211350893,1473.075524,0.4034680193075802,0.021344433649010553
131,3453,5905,339.6258926,0.0665501473164728,0.06519447652519926,0.05143575068210854,2460.686182,0.021916985409774225,0.011941901115011127
132,3502,4465,214.2411458,0.6224523227585692,0.6141192200683765,0.519899476555955,1178.575822,0.5231688615818925,0.0019232533496299801
133,3535,5577,490.9227465,0.38167615180122655,0.2409467649137576,0.2506171521109762,2284.815162,0.3755095739763388,0.004795469378708346
134,3565,1692,229.6839903,0.5797333822446761,0.5570060474684302,0.5043689785257973,650.7922792,0.5257401173552108,0.10785297065446284
135,3661,4075,373.0791576,0.13169579478814045,0.12008921000818623,0.11560904220944718,2293.037601,0.11516586175104522,0.013442665329242338
136,3665,3057,644.9902508,0.5428109091726921,0.4866649280110025,0.5002640189278952,1427.43902,0.5379771375960054,0.00393719257199213
137,3677,2119,179.6919033,0.334986881946821,0.3267947541497827,0.22084271366656116,968.1626889,0.19497646108354225,0.028558155905264487
138,3683,3211,452.341237,0.10625989108152631,0.062493214995899014,0.05929760536569198,1353.882943,0.09519036141533979,0.012216912909449795
139,3737,4208,791.0594016,0.3889464931352241,0.29066897875492537,0.30440467908356345,3259.888896,0.3856845074135392,0.00848716797183529
140,3739,5095,374.9314004,0.08800885021334409,0.07169743011433712,0.05067019094712485,2840.42648,0.06138648256954711,0.009631049807709048
141,3777,3390,216.6471776,0.2917607488644258,0.2897415718100296,0.20494508047398705,1588.92405,0.21509314845303246,0.027465462027008267
142,3792,2215,284.0058168,0.37130331183734705,0.35265218259648695,0.2869090009111406,1027.608169,0.3350772961598837,0.026448709700391145
143,3796,4854,304.7899928,0.12528769265748074,0.12018046709856108,0.09087540366223573,2731.869303,0.09495452011722327,0.023353018395612553
144,3815,6246,655.837238,0.13034207189809108,0.1135294337776962,0.11320979031388206,3258.761097,0.12475995299668226,0.00666495030958288
145,3837,805,241.4306883,0.7875077475074813,0.7601230435826264,0.7341791148304752,308.1250835,0.7707797954863492,0.14136498399212286
146,3843,6268,311.879612,0.26197649740796014,0.2439580358512048,0.22609525699123817,2638.563635,0.23755748379102057,0.004284824875103945
147,3862,4188,425.8297568,0.3142424198845049,0.27997835501435225,0.26805687856187105,3033.371848,0.2978396005187892,0.00470586129733335
148,3889,4942,211.5972304,0.37322298128887055,0.3681133786566386,0.24971646456929739,2706.611859,0.28213611921487103,0.00813509730196775
149,3904,3775,372.444086,0.2207098800981092,0.18322214366446216,0.17857211254765779,2241.01461,0.21343988806038122,0.014023468602979032
150,3918,4431,249.6164398,0.28376892967131945,0.2788903957835928,0.21125038332688584,2230.838194,0.23735717958336996,0.010185248189092494
151,3931,4809,767.4554836,0.18892207293109775,0.16197678500001086,0.16623237629712292,2718.978302,0.18259811389981592,0.011080651485298436
152,3933,795,168.8445391,0.6364008897402749,0.6238702671890571,0.554749053167514,547.7560696,0.6043281214166334,0.15228703650818148
153,4082,5703,356.5871205,0.06139761126951083,0.04173794046905301,0.030684065016167144,3250.538658,0.056941302031916066,0.007765823993726594
154,4111,4778,412.7528373,0.08577758111228984,0.07604971894753053,0.06821379203765586,2537.363377,0.05683055641853236,0.022712880936668803
155,4130,4306,419.0132453,0.3056800265187461,0.29290194572861245,0.29288418390094567,2393.503479,0.2991205096424453,0.015969487376580976
156,4192,5318,441.4476078,0.19798954480869296,0.17414533738361712,0.15939195610854157,2741.71787,0.18495193222445425,0.013469148859155327
157,4200,2966,358.5359507,0.24856613426576665,0.23783435160538047,0.23036712790986694,1653.510194,0.23567243697923768,0.034085172307554513
158,4312,2920,169.5116962,0.28111970649345774,0.2805767438279433,0.14810515741122887,1214.521125,0.1381952867792048,0.021385069431972985
159,4317,5063,301.8591607,0.15303846776837565,0.1480394165460676,0.12822482414819683,2226.746645,0.09885047448800155,0.04198882821667904
160,4324,4463,573.0235361,0.16855666445772244,0.1526802766732966,0.15143223584687263,2441.133301,0.16329175974289378,0.023628019814798024
161,4342,382,132.2714171,0.69947165344866,0.6281002313736425,0.4781322471997761,199.0826903,0.4868074215727848,0.0893474762236331
162,4353,4323,354.7987516,0.15570141085180564,0.14509728862104063,0.1268581280504394,2313.587142,0.13595855760632278,0.02121596240292011
163,4371,1896,357.5105341,0.27289729006145236,0.25909143443725136,0.232850013832954,1167.035556,0.24318950541513296,0.03908912767226296
164,4391,1411,161.3039277,0.37098817702973635,0.3505831795631609,0.29027648187068733,786.8756122,0.15021633517165334,0.11712784354477794
165,4394,3149,210.5328641,0.18230469759529133,0.17886332116566486,0.13163891159581337,1860.907121,0.14419428832452133,0.027004775183399148
166,4396,893,344.6094961,0.3705913592255348,0.3268557948595823,0.2534805957051622,510.5780559,0.2985710488711155,0.017436010507224455
167,4410,447,106.4909977,0.7721431150211278,0.7630916553194272,0.6451009505916178,163.8324254,0.5044044853196445,0.1448291755722365
168,4432,509,423.9668723,0.5074633587251179,0.489045479595091,0.4764384503104988,206.4133816,0.4886591348459965,0.2795757633266035
169,4463,3590,446.8615288,0.2188919188552531,0.2107201534656586,0.20886555146551983,1879.568255,0.21209963349369942,0.02110625285771863
170,4528,3774,318.6829446,0.1472881589289843,0.1375620630871252,0.107040322813274,2002.957296,0.119887914804357,0.012099628077511531
171,4556,1601,195.3926112,0.3219465410941672,0.3211321463606491,0.15671318727491743,947.3770974,0.17891757023538157,0.06059850604054722
172,4664,5862,365.7270129,0.43830055399249124,0.41038892040801406,0.403606089888612,3040.282893,0.42063762570022045,0.05093893004546756
173,4713,1779,172.3058585,0.3274250538875237,0.31968763534765915,0.25766613948580636,1647.359757,0.26237111580347033,0.061039338788807566
174,4727,4107,371.724239,0.16044349401054375,0.1454472284253895,0.14061149744887164,2454.679999,0.14054682080402095,0.04242957295815212
175,4738,248,169.5686134,0.7387818585359687,0.6908266528187286,0.6519204919003002,99.08891432,0.6299031814763463,0.19878506226064177
176,4747,1515,324.4240772,0.27852890552722726,0.27060702830599315,0.2399041219707644,798.0618012,0.2297194837632643,0.0415624990952611
177,4757,1742,372.5271321,0.330679411894858,0.21196052510465335,0.17756777844047544,884.7187024,0.30751764909683393,0.02937351319346157
178,4767,471,136.4667302,0.7386343421829386,0.6850755473392696,0.6056335194891871,198.3351959,0.682336842019171,0.11666425515148415
179,4775,6332,531.7932794,0.17351663739843998,0.1491621476229413,0.14727828275103844,3416.062782,0.1646938614523558,0.01048166493697765
180,4799,4444,840.3690298,0.12085518811854946,0.08964723883257311,0.09558365370771002,2598.802176,0.1122264657595679,0.005960128123402336
181,4874,2527,316.1203622,0.2904275929530714,0.28752600552662555,0.2593449616973545,1522.436386,0.2609434564137825,0.021400055617223267
182,4908,2189,496.4416467,0.4656937277662963,0.4287590131611742,0.43676783744934067,1458.558394,0.4607910610267234,0.043684172363435504
183,4915,6032,498.0576283,0.10912784169688027,0.09877560800773962,0.10097367717964595,3127.569263,0.09826327052688366,0.02150701523421245
184,4984,317,271.2199242,0.7624271154393252,0.757111403652377,0.7053318855719085,130.2476306,0.7275030656184628,0.3586352261161427
185,4985,190,157.4101876,0.7965027899899423,0.6851374650533313,0.7109482404267059,76.17886491,0.7608584911067462,0.5007814076916464
186,5038,3259,211.0629335,0.2152112314913891,0.21262210022083552,0.15161567004934523,1352.2437,0.1612903465558884,0.007324410612472945
187,5048,2586,201.0266745,0.25415847435241845,0.2525692208995689,0.17960366723938087,1309.269326,0.17286428372529286,0.04423359528614577
188,5099,2610,263.7796721,0.29439854893023243,0.2841717373111759,0.2473273403341704,1077.559158,0.25978440243302964,0.032006777359341175
189,5150,4109,158.7053504,0.3706975253269321,0.36869587751689675,0.27067980159662397,2192.414356,0.29382962126009643,0.03160000110202376
190,5171,444,178.2903549,0.5670767222090441,0.5611649716841698,0.391847519889636,182.0083433,0.42809255554160386,0.1951174910897888
191,5194,5434,446.8327445,0.09238111237487856,0.0864917967178145,0.08105303282140508,3008.940582,0.07656557923254792,0.010423654421215657
192,5214,2988,270.7193975,0.20770664669137306,0.2065726145647366,0.16499886482519824,1352.033877,0.16567022665479336,0.008905530330012271
193,5232,4118,237.7367788,0.17759543582103074,0.17639535222001787,0.09502268448905982,2545.454677,0.09400510006060132,0.016437098002747095
194,5246,5111,511.2177745,0.26376986832736443,0.23026097911987414,0.23552925370366404,2956.98316,0.24969768416256838,0.005514031481784158
195,5319,3569,398.2884789,0.20549237961702133,0.1885899977748021,0.17633462469813882,1826.66663,0.19561218779252,0.007943656004076117
196,5326,1323,139.7303984,0.4983682140203361,0.48917035354048277,0.3506154894995314,679.6822843,0.3923288608895577,0.03560300929819796
197,5351,1142,76.35097342,0.6829646057081943,0.6726748390825826,0.27898234605865513,570.5349797,0.5075487959077952,0.039636259419792715
198,5381,648,228.7762804,0.46923392288147203,0.46482541623262863,0.3707730116678108,263.0524791,0.4053842693896684,0.14592748750077544
199,5396,467,180.6286209,0.614806102153525,0.6081286919729445,0.48505234595965496,272.8092489,0.49256203672243903,0.10453362773058032
200,5405,2541,241.3717416,0.20579743174313894,0.20362924107310412,0.15559782860727567,1399.204712,0.15827628714667105,0.007263872668101803
201,5424,5665,910.4034795,0.18546975653540307,0.13202449634215382,0.1467284402484025,3408.010824,0.18213321073312255,0.013627073366434792
202,5465,3378,369.5217263,0.18242694684305213,0.12133170044803711,0.11602476794222064,1736.757472,0.15963919636148935,0.017678708794087068
203,5494,1383,215.0540052,0.3456853677666891,0.3276721135280293,0.22942681398707634,1097.636597,0.28246187010417306,0.0308277206715637
204,5520,1874,405.3977838,0.23782415341437363,0.22284797752519242,0.20061055086949853,799.6617016,0.1908818946075153,0.06289770761251817
205,5525,5035,460.2339351,0.16981103784915125,0.1435412978373287,0.14428307205996418,2865.172481,0.1625362470939003,0.009736480743067807
206,5579,2469,234.0643598,0.4087971472772706,0.3967778894125934,0.3695928833735748,1504.575202,0.3083407403512527,0.04114195505285687
207,5625,4485,495.6969547,0.18209136017237101,0.14650128792936698,0.154406464335939,2624.164531,0.1712439649320239,0.009065151888700492
208,5644,776,400.6159542,0.3946480575589729,0.37592509257408,0.3703342322553549,328.1238387,0.3740736151847689,0.05493131721677768
209,5659,4886,225.6337971,0.12280614094224229,0.117944935322082,0.09113681559460349,2017.461311,0.08143955149565266,0.027678624635669263
210,5662,4298,289.4847655,0.5620077130147672,0.5384826481668606,0.5309103105033365,1847.098145,0.5539889101912266,0.00817151007978287
211,5673,2033,370.3969468,0.2278711193865472,0.20937631241336063,0.1911071702945081,1022.401936,0.18715228238700565,0.05502897914794192
212,5707,4026,272.6154897,0.14141104679318073,0.13393597029790344,0.11368526516165284,3299.348735,0.10437583496039256,0.03285328740533683
213,5715,6114,450.2385893,0.39609500623391786,0.3794998807622979,0.3851089796175681,2709.208418,0.39127465266835626,0.007409180124154505
214,5753,402,146.4908343,0.7700688223089074,0.7517035917368159,0.6220693674484786,266.1342545,0.6380935933668781,0.05888283170147981
215,5764,6495,210.3583941,0.3135829697033452,0.3090745183331612,0.28457213001933446,3173.572957,0.2623862127583415,0.01245810281456086
216,5796,1380,258.823553,0.4864555377468805,0.47380735975129606,0.43204146915057456,616.8140663,0.400762012729719,0.027567988012945965
217,5815,1209,387.3727571,0.3591626445326133,0.26921675539273443,0.2613970019507451,568.135129,0.31610316550349016,0.09807577684464892
218,5870,861,301.9438208,0.5527634166071089,0.5409536899917586,0.4937012241785065,536.5567667,0.5348014657635957,0.06208893337719893
219,5871,2088,193.6333497,0.26682647605609455,0.2635691072681766,0.17529439012169432,1125.202095,0.17358953197041055,0.04802564282043383
220,5901,4103,760.3178873,0.2881066259230794,0.24099593797532112,0.24878299625769418,2333.100681,0.24046021980588364,0.011548696166469316
221,5909,4927,254.1188157,0.19168997824479997,0.18643377723660046,0.1391362811400054,2011.79609,0.1323133702156153,0.03507648907853781
222,5969,2350,366.4042567,0.279839622125217,0.2504331113033639,0.24572996294438346,1501.795047,0.26703168382662507,0.025263814048716225
223,5984,4186,634.4798885,0.1797448690328325,0.15593376058018973,0.15794332314594559,2341.100183,0.17390127699663122,0.017709053313935054
224,5991,3791,279.0145519,0.18552284802509195,0.18338173846236033,0.14981466548755412,1828.830429,0.15670056920916678,0.029348984529181756
225,6014,1046,121.4460219,0.47030290223664656,0.46499249845948215,0.2913909244773191,416.9838815,0.2842928054047625,0.04649681632314543
226,6019,4447,540.0329037,0.364385816313378,0.2999140535014206,0.30755071193175354,2891.216762,0.353395203850486,0.04704326593729051
227,6039,2767,240.4585996,0.2888897798991085,0.28653770257301436,0.23782301741038497,1600.582341,0.20812119324120706,0.029575586647462213
228,6076,1130,219.9208457,0.35591619703213506,0.3423775795157516,0.2923481369474734,512.0599308,0.3038259039066709,0.053099920544809665
229,6103,2459,354.8477599,0.190519673097026,0.17459132862192678,0.15907215820892923,1385.762925,0.15988953087689528,0.03590815442732623
230,6124,1205,103.112449,0.6204691291961884,0.6179948295719199,0.4859156990533328,501.044223,0.48072227190444977,0.06205616139134972
231,6134,972,145.7613581,0.7585205763879939,0.7570947583081058,0.6790180463958011,424.7342188,0.6893053834632297,0.07361948544150701
232,6139,4794,751.1846598,0.609680655607948,0.5663026960730909,0.5744454977463951,2440.372693,0.6053385645166833,0.005011512006338192
233,6151,2450,204.5174407,0.38499509484482536,0.3787937718574814,0.29354575431623686,1275.999266,0.2955912586562418,0.006499142107939681
234,6165,4472,443.7465711,0.12781391096172476,0.10375035178817758,0.0934822236138711,2722.283014,0.11664955663679175,0.018014047454774806
235,6174,596,145.4137781,0.6011817869609539,0.5862803559245077,0.3375979409870718,366.7181578,0.5107269740266517,0.05084607425402475
236,6177,4384,264.6636079,0.16018449851933014,0.1534220426146048,0.12784815353461865,1822.221005,0.1096613389239889,0.014929919795451378
237,6214,2711,217.3890437,0.3821837770029192,0.36071428766156405,0.3172573246110039,1268.248928,0.2847684736531845,0.043262718356340955
238,6236,3156,613.1896372,0.682014705554725,0.6547661786482902,0.6537719474927116,1123.733333,0.6789767101559461,0.07147992109379633
239,6254,342,349.3391605,0.742431074192159,0.7289306618806921,0.7129483013071809,141.2239966,0.7233666299973902,0.10810268942947154
240,6348,5019,282.3281816,0.12134891111097405,0.11839748004862842,0.0830929896650728,2819.509749,0.09069815363266086,0.01277072963805464
241,6361,2218,163.9508817,0.2985443708015472,0.2966408234873823,0.16394124664589543,1085.007875,0.1749072110580421,0.006027923655697197
242,6391,6717,714.1889853,0.20923762476285565,0.17031617933718846,0.1636392616551169,2976.326218,0.1991916533767438,0.013864787773856128
243,6417,4760,584.3739511,0.10521224793122946,0.09130972678322889,0.09020086279503695,2855.166546,0.09465119197585925,0.028399574934332168
244,6436,6141,444.146175,0.09381793031518898,0.08914755480916325,0.08369347198211777,3310.193962,0.08738317877813272,0.018597634430512308
245,6472,4569,250.059776,0.1477909207550356,0.1453458854829337,0.09580048058360649,1932.745273,0.08767256843900488,0.02260319593802337
246,6509,3283,325.9893198,0.2481021408899838,0.2297272591185259,0.2196813313400677,1984.624011,0.2311828250369584,0.03392506871767101
247,6519,2671,263.8326839,0.3196941508724796,0.2971739806383709,0.269916190947827,1596.14983,0.2988604932189483,0.029595491926422354
248,6582,6666,403.1398884,0.0947160688278259,0.08760803319213749,0.08236432196345936,2782.410419,0.08412007034143867,0.01029222183102503
249,6601,1374,210.8888299,0.4728574630210618,0.4616406501690692,0.4013295145268621,690.3045739,0.33266889031282265,0.10985092536235573
250,6620,2822,206.9706107,0.16721882117827655,0.16143102858042455,0.10380241192687947,1539.654986,0.13098280190056166,0.025956836169993305
251,6625,7919,277.3427264,0.08841689915613316,0.08651302921093489,0.0685161243590935,3362.282523,0.06185697150820353,0.014572693848565261
252,6648,495,222.4398773,0.5272670364130354,0.5227458570287058,0.4579616260880473,626.2298737,0.46002667910043354,0.1895004971184982
253,6666,3540,203.8532429,0.37460525710044956,0.3726749044531597,0.2732607894822802,1810.195524,0.2822633001532596,0.029998228269954227
254,6669,6030,226.6672825,0.10004680653901375,0.09929937683717575,0.06686341670812376,2508.525828,0.05737061035459032,0.021494476737820314
255,6681,2160,389.6170605,0.31739224968921576,0.22291379186803253,0.21996334682009375,1034.466759,0.2720286534293907,0.012070220444171689
256,6740,681,427.859845,0.717762894509926,0.7062401867050669,0.692213804356339,284.0478936,0.7114021374669275,0.10848319830265385
257,6776,6281,426.730828,0.21471312177614868,0.1958329177643705,0.18967599237198227,3535.058654,0.20695992688721598,0.013732974601985411
258,6807,3246,404.4096138,0.24606134449067424,0.21945200421545333,0.21377311430229717,2026.798435,0.2344153661013049,0.01925312179654323
259,6850,4051,408.7277421,0.1387398105273457,0.12466514146034273,0.11678027179569334,2169.556762,0.1192545112443069,0.009365763851495287
260,6875,1318,209.933301,0.39330243794334546,0.38039975180122754,0.3178793250954077,670.8697181,0.32619793663302804,0.04061701105040208
261,6917,2734,425.6358434,0.30919472956493693,0.2805385702787676,0.283691406013391,1699.723711,0.2998063036352743,0.052897637777556454
262,6925,565,274.8958386,0.5945398897381794,0.5887819350332028,0.5423238511107952,288.8607088,0.5038382406946537,0.15198666733249505
263,6928,2479,663.7040132,0.4690793873923315,0.34640750576479795,0.3991490127386241,1434.350065,0.4678435708052198,0.031574628664916636
264,6933,4974,66.59816778,0.706695735706481,0.7051725080197718,0.41036298494998286,1903.173343,0.38029326490167564,0.03504562695285776
265,6934,2984,676.380972,0.24354402084358603,0.17892876376137365,0.18981750045105883,1873.234223,0.23948274363052327,0.014612566302166839
266,6938,2243,337.0311601,0.5166534630044969,0.49567104210912255,0.47435331631523103,1117.35996,0.47822644855670865,0.028377883693340863
267,6946,1104,276.5789284,0.6010223132537266,0.1427676328348655,0.12444624058622615,1037.719015,0.5770767258830916,0.017679045327364123
268,6948,394,248.9465676,0.6789439644793206,0.6609858619118764,0.6085524567966262,161.4719166,0.5711106114973302,0.2960989867451677
269,6992,4542,390.1442962,0.11381852475164139,0.10490965247257908,0.10063255181276712,2532.983322,0.08311702060180531,0.026452535226402195
270,7013,252,201.204411,0.6250109436818739,0.5664995150749882,0.5267169671010467,96.54481038,0.5490662976311567,0.25717110169821233
271,7033,847,286.952752,0.5576277915673455,0.5444445607189377,0.5014563367641715,436.4843071,0.5007661258062017,0.16646142261827845
272,7043,3922,377.6393159,0.09788338406740102,0.09398868831412634,0.08488790846490267,2083.240823,0.05378764768650397,0.03596036638250662
273,7090,644,138.6075097,0.6682161022613805,0.6096508659096215,0.5918197479717008,515.7974031,0.5497908957630651,0.18891386936354407
274,7146,1962,321.6452822,0.1767775365857896,0.17145445824722405,0.15223195101748357,1223.29435,0.13084313783928053,0.03143769576642181
275,7176,6944,299.131037,0.10146968932138986,0.09981477778928718,0.06859531358860235,3271.298022,0.07088729595139574,0.009068318047899662
276,7209,6956,219.1910092,0.15653138447315945,0.1559401174242627,0.10821762292386267,2895.609931,0.07227648299590805,0.0288637385542596
277,7239,4970,239.6204499,0.14973322321931073,0.14873362769646564,0.09950596783840675,2040.974602,0.08920583434096757,0.008979673947721456
278,7245,2053,274.8575978,0.16331305699717624,0.15906290428091419,0.11149172079189233,1901.507873,0.11593030452290398,0.023967780592205043
279,7271,757,192.8678917,0.5586096219052122,0.5450088436883456,0.4977627007296871,314.2492925,0.5215017706205954,0.07023502377428939
280,7290,3638,328.0853661,0.12465120782480975,0.10116700482390587,0.09457941860204232,2077.73297,0.09887028110367224,0.020229970683403868
281,7309,882,269.4118685,0.37565291684038776,0.348672897737076,0.3054374831010784,522.6428787,0.3461932262673869,0.13762361546712845
282,7312,403,463.3263697,0.6739422492485719,0.6452743551465766,0.6428823336667153,163.4652352,0.6687490827749721,0.11417695774816651
283,7313,3670,409.8884691,0.20352956031596015,0.16801529515466346,0.15115582249323609,2126.516818,0.19444376068306243,0.04909514617211481
284,7318,3833,542.121346,0.1718822899743214,0.12452176006617612,0.12254214507983889,2141.978151,0.15343877009826146,0.02476704102810875
285,7345,3392,356.5292586,0.23703809387681438,0.19486190641430215,0.16939903193773947,1736.009977,0.21916990594869012,0.013317200329238598
286,7352,1236,276.5903157,0.3492481132182255,0.3290631906014183,0.30041111287102584,686.501532,0.3074951629400716,0.03066865020390223
287,7465,2806,216.8463055,0.47282482984353774,0.4568130652061986,0.37140194806691507,1496.27408,0.44158595988354266,0.05390918429505653
288,7483,3425,642.4194946,0.14131641626786226,0.12755887003647354,0.12830425324184436,1788.50507,0.13251546388086485,0.03936062398588257
289,7511,2602,427.9383034,0.2860429086131621,0.258586043648989,0.2558088527721891,1259.882236,0.27601763987212014,0.015445606123311527
290,7522,411,235.0247295,0.6102715292997263,0.5897132908902042,0.5202600065008705,168.8681776,0.5668291165713211,0.15418458739288574
291,7543,993,130.4815315,0.6764527502074354,0.6026511200500859,0.3627637110559347,414.0725873,0.5243849354063121,0.045513622533523805
292,7570,4370,796.2930084,0.19794180851061965,0.14569871289246708,0.14393979519914926,2597.162933,0.1914848847127848,0.01689554781195224
293,7578,5273,561.3221217,0.3181545514546582,0.2868864632330567,0.2863658851014312,2897.498338,0.3074997473968121,0.006378680339755459
294,7584,4164,490.6626447,0.17954879284328795,0.1646259563527627,0.16386888054911064,2322.819354,0.166020361298763,0.014265895330046028
295,7603,5696,390.2946234,0.10502977693563384,0.07940195824585035,0.07155955217702158,2763.473893,0.09616034509252451,0.013838231435792436
296,7614,6220,723.6237106,0.2602871275736094,0.22804591645821132,0.2374481910319829,3210.711629,0.25312872432760086,0.01260041009114553
297,7629,6604,424.6802242,0.07770354865435851,0.06005899401644927,0.05286128568475093,3567.541878,0.07224750772621175,0.015273293814814003
298,7632,1657,154.3568409,0.3021149776538522,0.301888841880956,0.19804372186996363,841.5869609,0.1648747772142669,0.04990699653285767
299,7641,1846,156.3977594,0.38295256629150437,0.3804186730316605,0.2105308632644344,929.751965,0.24245104214924532,0.05487848959546678
300,7653,2975,249.5660358,0.6388593174827926,0.6270557818984253,0.6027398175630315,1857.379472,0.597005727629168,0.021920370064331996
301,7655,3120,423.5440769,0.2940719647750258,0.26515601571513253,0.2652298645326709,2199.404085,0.2858876743574932,0.010350212009655151
302,7668,3668,351.0714577,0.12346374155102523,0.10718746888367794,0.0875973491197676,2124.09074,0.0994213824487178,0.012448917883989902
303,7671,4251,204.8499987,0.2279424855548415,0.22443876068146254,0.17045949653748074,1729.256299,0.12454299638660321,0.006697161544160499
304,7762,3168,477.1812377,0.21988794462928948,0.19355640009739583,0.19452049084449607,1355.404159,0.2086184715605239,0.008805806092492093
305,7786,5455,223.8867736,0.15329995702773908,0.1526809309741579,0.09856673245144919,2271.425831,0.10402630734850156,0.0205680476709238
306,7799,4913,285.7238517,0.11740539338380444,0.1153130070213795,0.0825355847344928,2723.738661,0.0755683367364181,0.02037215875732863
307,7801,843,250.4613535,0.6844841155274038,0.6720413294482143,0.6366017124070119,517.1219108,0.648423406444542,0.07314556945543545
308,7824,3045,162.3447387,0.2715831418165529,0.2703952073468216,0.17722017841441084,1379.533805,0.18340427610490587,0.03454653056091554
309,7834,4048,277.2490421,0.10655603101035023,0.10318664376281675,0.07272886547983375,2216.989875,0.06961741524257652,0.015417784718906282
310,7844,4764,379.0681633,0.12064299858627209,0.11093485724621764,0.10378516631052656,2492.8809,0.10493879868350325,0.018610644174535253
311,7858,263,217.392734,0.7444712618652929,0.7361263292306744,0.7056451048840777,108.0326199,0.6717742229910674,0.21299866995145814
312,7900,769,357.0586976,0.5189026254483092,0.5031028798675932,0.47045379228003054,331.9531085,0.4771692284863293,0.32252737951400584
313,7906,399,129.9922262,0.9882297975083605,0.9681315046917885,0.9796489536295738,191.9093663,0.9799500885140267,0.05057108237231915
314,7916,5258,200.1402496,0.32511079943889565,0.32397101097435205,0.26077619422559234,3070.169557,0.2690705505595615,0.015594179266423685
315,7929,1808,390.4965742,0.2345219856851399,0.2191952155015893,0.20708427968598936,771.0077474,0.1968425298174526,0.0616667194839536
316,7952,5514,283.5876047,0.2132284768835468,0.1993635763263163,0.16835857172486984,3642.933906,0.14814437440937483,0.012573028891308848
317,7954,1624,451.4327961,0.23553977029403833,0.2107598609602194,0.20975093644734816,1641.143751,0.20710486752784724,0.04436477268664639
318,7956,1689,187.3311453,0.32934590382483886,0.32510204742113136,0.23617393142857707,998.2067205,0.25078889748456185,0.028468075802484494
319,7975,4866,360.8143761,0.20094271104673014,0.18013096424343103,0.15416420623724333,2031.637478,0.18926756713985007,0.025588431148013676
320,7998,2023,314.5931152,0.3315561340443662,0.32549293666436535,0.2947240013511085,838.2691346,0.2912749192031973,0.025417476501644488
321,8022,5901,456.6263952,0.08423815470973608,0.07609146884440601,0.07379064010952298,3234.395401,0.04516774768590086,0.02379003012367538
322,8082,2674,402.9314074,0.11972612818119627,0.10833923197350911,0.09654001084395282,1806.077747,0.10528993122084092,0.030061186211373277
323,8120,226,157.0192959,0.7484593680362406,0.7170444176067396,0.6380690334561422,90.90581711,0.6614580233229408,0.18922059550578904
324,8148,4902,329.2068015,0.12735369015972298,0.12092160292380892,0.10435594636888093,2788.678882,0.09991414820130194,0.0159368417599514
325,8157,5956,422.9914098,0.14925495477925826,0.13089833627087313,0.1255389783779178,3339.765891,0.13552730139456423,0.011551328972768712
326,8165,3882,268.6011003,0.18905658691842714,0.1858995118547413,0.152283977269999,2193.502813,0.1254145241005457,0.016772342454269
327,8183,4818,293.895627,0.5985976372311171,0.5864791302329704,0.5699071721565078,3280.372867,0.5690087693964158,0.03522249530677322
328,8209,4182,525.4180535,0.14755964095993804,0.12866043110156036,0.13016460116380107,2419.508417,0.13691414725391027,0.01831889643616131
