,num,Area99,Mean_Dist,P_massfill,P_2dcat,P_3dcat,DegArea,P_2d,P_onlymass
0,53,1949,473.7071231,0.712019929,0.705810236,0.702063352,1325.740432,0.706161766,0.238699408
1,155,974,206.1544903,0.767252421,0.718710308,0.746409906,419.8689478,0.738749602,0.230454709
2,160,3168,313.3471333,0.438949319,0.395659213,0.416335428,1836.620108,0.402657386,0.091718242
3,165,3277,431.2188229,0.425341846,0.393159761,0.40633248,2083.621128,0.393615163,0.061054527
4,192,6551,498.0245419,0.290114313,0.266431503,0.264307618,3279.468005,0.279606158,0.018266668
5,213,3400,355.8429284,0.515897202,0.363665144,0.380022881,2075.647853,0.48536256,0.04730945
6,284,335,239.4866767,0.991810276,0.988529265,0.991366812,135.230927,0.98600796,0.818271902
7,304,5550,283.8215782,0.289248811,0.235583118,0.276157022,3099.544778,0.233811648,0.057587055
8,344,3320,269.0719049,0.408152036,0.353146936,0.399073751,1943.013486,0.352342264,0.060211966
9,377,3131,264.2925491,0.466491081,0.41387852,0.450089645,1416.659363,0.425468846,0.073481643
10,383,1453,150.308288,0.829438704,0.786146626,0.822714766,647.5006808,0.814113918,0.179928144
11,405,1017,281.4054032,0.945740219,0.815399577,0.82863734,252.7580379,0.929292572,0.54170946
12,428,542,122.5592903,0.982303416,0.96880268,0.952735671,218.2946093,0.976987177,0.266726564
13,446,3616,478.8757792,0.44702412,0.401641513,0.407183463,1507.735661,0.415075241,0.078364938
14,448,4052,463.5521972,0.445858574,0.422433744,0.424875425,2111.016144,0.429774865,0.09426672
15,507,919,439.3283979,0.995557139,0.6012245,0.833396332,217.5208869,0.994494593,0.69853634
16,521,3663,453.7709198,0.530576535,0.475618022,0.47597422,1771.142217,0.51642735,0.04626049
17,522,2759,209.2652554,0.736393609,0.697197106,0.72776734,1266.701484,0.707226659,0.157268345
18,580,2792,156.2673687,0.555820678,0.392382336,0.470840979,1555.876927,0.436631704,0.065872723
19,604,308,200.8505865,0.997193775,0.992663849,0.996760981,122.8513697,0.994511254,0.812965089
20,633,1785,248.0430299,0.523421428,0.440779859,0.472028844,1039.581194,0.41035978,0.07208615
21,652,1272,196.4730397,0.760437458,0.709549195,0.745026643,768.975087,0.645972462,0.191467377
22,687,394,121.1782691,0.997061845,0.982241547,0.96770879,171.1762306,0.995342278,0.698206553
23,733,4263,311.4747557,0.373290539,0.346243874,0.3589958,2628.374105,0.34361917,0.042471202
24,736,2312,198.8107032,0.671231379,0.648245409,0.667106018,937.4236186,0.652064206,0.184784698
25,759,5459,357.134182,0.445936784,0.421564037,0.432806883,2360.889115,0.42592083,0.061097761
26,783,2193,395.0139564,0.63744977,0.603036231,0.613766195,1345.542478,0.624626513,0.026737737
27,794,1969,151.1226148,0.738743712,0.65645997,0.709968492,818.349063,0.705878659,0.087053451
28,964,964,483.0852257,0.879039612,0.832921538,0.828915581,551.0214402,0.870527117,0.271513841
29,967,6712,314.085988,0.27480621,0.244597029,0.255081271,2792.652405,0.248717025,0.035151809
30,980,5341,303.4643198,0.354920914,0.325705517,0.34204491,2913.903874,0.318594088,0.029685792
31,983,1330,226.000706,0.765162771,0.676737949,0.736676314,645.3368811,0.718193746,0.189251564
32,989,6446,444.9349822,0.34720011,0.309130272,0.312032616,3196.181386,0.318580291,0.024989214
33,1002,2749,287.3223007,0.513508534,0.489216717,0.504533952,2014.471333,0.480579832,0.05746832
34,1019,2737,664.7621896,0.878355646,0.869632032,0.867665419,1277.730306,0.876282874,0.079407037
35,1065,105,137.0652273,0.999673891,0.999174401,0.998880091,82.31618782,0.999002641,0.933488246
36,1099,1339,328.2995627,0.642403415,0.615578139,0.620790531,642.2419918,0.613800311,0.198638271
37,1115,1851,637.4072195,0.6173114,0.581769308,0.564286465,1267.829282,0.604885356,0.170040159
38,1121,2313,125.8755849,0.537581789,0.391225921,0.514395466,1129.411669,0.238797984,0.114278316
39,1153,625,412.229295,0.939973617,0.92840978,0.927556922,374.6520901,0.932236509,0.236601277
40,1172,918,174.4246647,0.851823579,0.816782692,0.840938505,605.5229658,0.796221673,0.066272458
41,1243,5261,239.3704352,0.356015144,0.28765349,0.34982342,2830.879534,0.294812865,0.036840304
42,1273,3537,216.6940288,0.561716059,0.486316071,0.511647627,2040.528728,0.505246822,0.014747608
43,1357,2953,397.5796555,0.365752639,0.346752092,0.346350434,1791.009833,0.354205516,0.058898071
44,1365,3033,391.3608769,0.483566951,0.44367998,0.464185797,1767.326061,0.468520607,0.183685096
45,1371,4289,432.7572527,0.663548801,0.644046366,0.650054029,2750.491095,0.645860321,0.035580402
46,1417,4668,286.8076645,0.260669702,0.219828696,0.240896878,2744.878329,0.183686781,0.070524254
47,1462,3221,234.8760144,0.475176775,0.424637674,0.467821065,1757.215215,0.393367383,0.070043988
48,1528,4026,433.5281839,0.551471375,0.534524113,0.539964153,2370.370492,0.543872876,0.045178207
49,1565,217,136.8630431,1,1,1,87.26014239,1,1
50,1567,4058,443.189735,0.357050441,0.332655279,0.332150483,2373.216217,0.342179955,0.075310634
51,1584,4768,546.2891284,0.29624812,0.266925396,0.266518889,2548.392199,0.280063518,0.046945085
52,1611,4355,611.5489017,0.275027985,0.251729332,0.250127899,2509.876563,0.261723995,0.056218975
53,1661,2875,276.9956648,0.621988962,0.586379288,0.60497054,1182.313294,0.588893821,0.116963318
54,1698,2279,518.1282475,0.8827455,0.876475976,0.879341517,1369.829491,0.879150505,0.059628748
55,1700,2731,365.1547435,0.743438899,0.725523667,0.739081356,1332.218717,0.738240283,0.108493919
56,1763,4132,251.1234079,0.347396368,0.261423952,0.337095954,2172.599196,0.245275524,0.075148205
57,1788,1417,275.7502296,0.754146548,0.712463274,0.730226137,882.4631051,0.688279802,0.138821047
58,1812,3960,289.4540448,0.314301672,0.272699327,0.302358599,2137.847261,0.248702043,0.072645743
59,1819,2447,180.3090072,0.562125274,0.420891925,0.554628678,1007.806123,0.452423863,0.087574376
60,1836,3115,377.5845679,0.428915215,0.394195111,0.406850763,1683.580454,0.409031691,0.110954442
61,1902,4771,478.9738422,0.558617449,0.523717329,0.523058155,2203.075987,0.553860573,0.106617464
62,1922,3171,95.96776687,0.636251482,0.486510647,0.630419537,2057.930923,0.401707252,0.149474055
63,2008,5495,382.157711,0.276666588,0.248459226,0.254054745,2974.870571,0.257839888,0.030376709
64,2073,2425,275.5667442,0.321832774,0.278819543,0.315327312,1567.954864,0.272763869,0.108105802
65,2074,555,140.0269131,0.939527816,0.896030512,0.931756598,304.9252827,0.892076271,0.268508556
66,2077,2143,320.0606727,0.778811909,0.76658907,0.773464508,888.9938462,0.764761348,0.238519993
67,2086,503,194.1872284,0.980106621,0.963467439,0.978917023,203.9217334,0.964846102,0.546579599
68,2093,4979,401.4209228,0.313614406,0.251363235,0.267020913,2919.044538,0.299904532,0.032157962
69,2114,2772,262.8813139,0.422925272,0.376661603,0.417238586,2355.171438,0.363532628,0.10955153
70,2179,5766,428.9798485,0.706601738,0.694760323,0.696837602,2262.128049,0.696138149,0.031771775
71,2191,5881,279.5614917,0.375025521,0.333818459,0.364582528,2962.556583,0.319087556,0.071127889
72,2220,861,650.0873497,0.959912034,0.95083551,0.94841491,725.528611,0.958502583,0.029761962
73,2255,562,278.3383031,0.968050418,0.964966216,0.964583098,247.460007,0.96212179,0.435614074
74,2257,429,269.0382895,0.973077517,0.967630806,0.970333139,177.3791232,0.970157661,0.560695971
75,2285,2561,406.0857038,0.732135961,0.47216247,0.481701478,1660.027821,0.722077338,0.043497192
76,2286,4778,457.8484562,0.476892867,0.4364994,0.438887787,2823.470159,0.468235112,0.028640529
77,2290,3067,353.1271323,0.547583487,0.495926268,0.532348721,1239.162214,0.524888614,0.160482021
78,2312,5294,462.8297901,0.421605671,0.406974059,0.402921862,2599.825063,0.41391924,0.056317457
79,2347,1631,695.9735833,0.897011303,0.862731481,0.860792472,1396.031139,0.894884483,0.01311548
80,2357,607,104.1150489,0.951131464,0.910574784,0.939520731,318.4457526,0.902006538,0.200108634
81,2370,3282,323.8162323,0.566422342,0.532039928,0.54991465,1484.261713,0.550961553,0.060114228
82,2377,1794,310.599209,0.951026824,0.883943765,0.887182005,235.9459696,0.945415851,0.329790919
83,2438,578,247.4111718,0.922502703,0.901731085,0.916890703,396.3818851,0.904537647,0.383320757
84,2477,1032,169.1010427,0.923159402,0.894764672,0.912609362,427.5930572,0.907968959,0.494833285
85,2505,2182,276.5488509,0.687210187,0.622273683,0.660953702,1320.114553,0.644117233,0.051869597
86,2518,1479,400.4591812,0.59101228,0.552273525,0.560482295,1033.286504,0.564703965,0.043159063
87,2526,3448,393.1999475,0.370760295,0.341084598,0.350082228,1935.774592,0.343542579,0.083721892
88,2534,2363,439.2762298,0.597412837,0.55234563,0.550891796,1449.85074,0.58737992,0.085221499
89,2576,500,136.460725,0.968842501,0.953550252,0.936201531,199.3318552,0.952405034,0.716058625
90,2595,3335,731.9913207,0.447841261,0.429370884,0.422406458,1725.545055,0.43558828,0.111220823
91,2618,4908,260.2939567,0.284674562,0.216963851,0.272885886,2726.702411,0.164719439,0.042722555
92,2625,2294,164.9143506,0.721186207,0.652599728,0.705655621,956.5568539,0.653663433,0.211619596
93,2644,4763,449.0590097,0.375018835,0.347248901,0.356026142,2857.304118,0.348871451,0.056276471
94,2677,2525,200.9377068,0.470846979,0.400537684,0.462961431,1079.159059,0.432261574,0.111609481
95,2679,1966,247.9476495,0.986959495,0.985092271,0.98622238,163.2029564,0.985747575,0.567076459
96,2702,954,429.8389153,0.72720464,0.587708475,0.576501514,615.0961404,0.68852988,0.111034056
97,2727,558,249.2037511,0.918230746,0.903311955,0.908032832,230.8184199,0.906780906,0.465737539
98,2728,1598,147.7225427,0.970066237,0.960051492,0.964922711,362.7970903,0.949507156,0.39701002
99,2783,2553,367.6376975,0.627190376,0.611596413,0.614146139,1487.68445,0.608044316,0.107378887
100,2798,2251,181.6901008,0.538780365,0.434891532,0.531345427,1203.610329,0.393558341,0.123993908
101,2809,2054,182.1347365,0.663566541,0.622882356,0.648694094,863.8019716,0.631984993,0.0927885
102,2891,3250,352.3514138,0.421496839,0.395745668,0.408220363,1741.255552,0.384831147,0.10574262
103,2950,604,167.9492856,0.947425142,0.934142961,0.94342954,249.7024904,0.932842811,0.676471494
104,2971,5671,551.2851528,0.652111968,0.638829194,0.637961457,3091.55839,0.645924075,0.016411312
105,2981,3493,460.0216101,0.393004351,0.369099403,0.376163863,1957.242109,0.380724383,0.094844744
106,2993,5620,283.8380246,0.549424686,0.511979233,0.525320243,2601.910179,0.527156699,0.0158002
107,3005,6003,358.1474817,0.442127348,0.418358366,0.421283652,2774.699424,0.414002098,0.040770531
108,3012,2421,187.2147375,0.628387876,0.567800686,0.617421402,1010.12729,0.579235445,0.242513606
109,3013,4020,163.4348453,0.480076901,0.404400479,0.467945841,1827.663289,0.406587432,0.089195645
110,3046,5826,342.2554029,0.308025849,0.282659688,0.2944792,3171.186221,0.276265481,0.034781339
111,3061,4269,196.5052982,0.573346018,0.512257674,0.567168367,2108.144191,0.490247349,0.023498153
112,3087,4978,369.0326427,0.443992047,0.429050418,0.431580488,2767.172024,0.426875429,0.091467077
113,3090,50,142.5824967,0.9974702,0.992726036,0.979377671,102.2624873,0.990793776,0.877740751
114,3092,1976,361.8167927,0.795967915,0.786008191,0.780562064,1216.593127,0.791423351,0.043665598
115,3141,150,118.9184114,1,1,1,57.17676898,1,1
116,3148,3120,330.0778273,0.408799378,0.378560679,0.387755846,1682.937871,0.370718944,0.119168369
117,3163,761,283.9234723,0.818341327,0.801367481,0.809342732,314.8131918,0.801549545,0.360948054
118,3204,3431,854.8154559,0.409554682,0.378871733,0.374050874,1988.125432,0.393268261,0.103959499
119,3221,495,445.4904587,0.921906211,0.904022329,0.913154874,206.9772809,0.908446831,0.528520446
120,3245,2198,468.3335156,0.544914747,0.482230492,0.475525738,1249.928757,0.526625702,0.050976078
121,3261,5475,243.2330228,0.397550057,0.315359107,0.385173799,2327.186295,0.350310913,0.012515574
122,3283,3966,259.5625033,0.406746096,0.38161302,0.394713462,2305.495842,0.37879436,0.049630511
123,3284,2143,172.3854804,0.573888334,0.212096286,0.226859775,882.9614348,0.51948188,0.086248182
124,3344,2648,216.4567082,0.864775361,0.824599652,0.858339782,1209.603398,0.851479648,0.064946681
125,3353,1018,201.0023846,0.849816329,0.826944679,0.845520531,577.7869873,0.794780723,0.31988376
126,3359,4311,251.3455867,0.42534428,0.39250945,0.414370338,1993.895565,0.409845887,0.036346882
127,3360,4375,383.1361569,0.67632517,0.670737916,0.666943192,2187.863819,0.671947363,0.152975857
128,3383,3340,454.0894625,0.68912103,0.676810536,0.679106928,1850.756933,0.678273902,0.247931796
129,3401,5656,206.8439596,0.378948693,0.280193589,0.375510386,2355.459945,0.294749245,0.047255595
130,3439,3536,368.2672065,0.76786981,0.757480881,0.761600748,1473.075524,0.763757362,0.123737238
131,3453,5905,339.6258926,0.222991779,0.191900203,0.212190234,2460.686182,0.145708221,0.069287918
132,3502,4465,214.2411458,0.879627039,0.855556569,0.877264635,1178.575822,0.85078132,0.075996913
133,3535,5577,490.9227465,0.775372234,0.656130313,0.631242137,2284.815162,0.773546056,0.014503212
134,3565,1692,229.6839903,0.767457377,0.717832691,0.754269442,650.7922792,0.756180764,0.103346246
135,3661,4075,373.0791576,0.361708754,0.342038187,0.343119404,2293.037601,0.326621231,0.033361232
136,3665,3057,644.9902508,0.929389043,0.91398885,0.91171937,1427.43902,0.92752036,0.016206304
137,3677,2119,179.6919033,0.674390993,0.606873524,0.654187977,968.1626889,0.610568767,0.043684476
138,3683,3211,452.341237,0.367518423,0.171995046,0.174609782,1353.882943,0.358366157,0.052153547
139,3737,4208,791.0594016,0.666003602,0.63098917,0.616232281,3259.888896,0.662471778,0.013319927
140,3739,5095,374.9314004,0.273693816,0.211108329,0.235185991,2840.42648,0.235934036,0.053937018
141,3777,3390,216.6471776,0.592832359,0.539773382,0.590162136,1588.92405,0.548811762,0.171241366
142,3792,2215,284.0058168,0.70330901,0.692271323,0.695398228,1027.608169,0.661614321,0.060263658
143,3796,4854,304.7899928,0.31973512,0.28156951,0.301948254,2731.869303,0.285679128,0.060703057
144,3815,6246,655.837238,0.318113902,0.28383581,0.274293373,3258.761097,0.302648517,0.025632906
145,3837,805,241.4306883,0.954818035,0.916760656,0.917603934,308.1250835,0.936801279,0.393400906
146,3843,6268,311.879612,0.637965203,0.621516427,0.626328313,2638.563635,0.626313877,0.030147342
147,3862,4188,425.8297568,0.647668097,0.612817363,0.634254253,3033.371848,0.638369339,0.013659613
148,3889,4942,211.5972304,0.775770724,0.743148938,0.770550622,2706.611859,0.733533635,0.1216854
149,3904,3775,372.444086,0.514330898,0.486375479,0.464872987,2241.01461,0.49546026,0.039363385
150,3918,4431,249.6164398,0.663457075,0.630086438,0.65191304,2230.838194,0.638068714,0.019024068
151,3931,4809,767.4554836,0.486497099,0.449893064,0.439739322,2718.978302,0.478296114,0.055646887
152,3933,795,168.8445391,0.883723079,0.857173475,0.874388672,547.7560696,0.848579084,0.200915712
153,4082,5703,356.5871205,0.187851938,0.129943767,0.13732756,3250.538658,0.157023457,0.033826654
154,4111,4778,412.7528373,0.288937991,0.25068816,0.261883707,2537.363377,0.256499871,0.050378225
155,4130,4306,419.0132453,0.56287718,0.538222094,0.547636182,2393.503479,0.553588871,0.076088567
156,4192,5318,441.4476078,0.533716279,0.496249917,0.509523409,2741.71787,0.527805629,0.047860949
157,4200,2966,358.5359507,0.51819042,0.498266383,0.510814232,1653.510194,0.491402212,0.101077277
158,4312,2920,169.5116962,0.603784276,0.503466508,0.600734013,1214.521125,0.518303601,0.191339994
159,4317,5063,301.8591607,0.404375344,0.338476989,0.385770701,2226.746645,0.368761922,0.100207736
160,4324,4463,573.0235361,0.373216047,0.351277596,0.34729554,2441.133301,0.360054657,0.049670575
161,4342,382,132.2714171,0.96410827,0.94891255,0.890482892,199.0826903,0.919238976,0.27433575
162,4353,4323,354.7987516,0.436239642,0.402308275,0.417012133,2313.587142,0.419424559,0.091792981
163,4371,1896,357.5105341,0.576064771,0.549600911,0.565061036,1167.035556,0.563574983,0.122691748
164,4391,1411,161.3039277,0.775315846,0.751981086,0.765080474,786.8756122,0.684686443,0.161838006
165,4394,3149,210.5328641,0.489048756,0.459707114,0.483093235,1860.907121,0.449803519,0.104044543
166,4396,893,344.6094961,0.839730455,0.790881277,0.824017119,510.5780559,0.809721028,0.09272757
167,4410,447,106.4909977,0.984903328,0.966361217,0.976234824,163.8324254,0.966106367,0.667698294
168,4432,509,423.9668723,0.936738711,0.922078404,0.91607887,206.4133816,0.930772625,0.668216547
169,4463,3590,446.8615288,0.448378213,0.410525616,0.430198528,1879.568255,0.44174973,0.051507555
170,4528,3774,318.6829446,0.410154551,0.374956957,0.400067314,2002.957296,0.389944049,0.062016311
171,4556,1601,195.3926112,0.605169968,0.529230133,0.594930814,947.3770974,0.488211458,0.206820762
172,4664,5862,365.7270129,0.616992961,0.442345815,0.425812089,3040.282893,0.60284739,0.059611973
173,4713,1779,172.3058585,0.328913454,0.241502141,0.32265927,1647.359757,0.257416819,0.058373066
174,4727,4107,371.724239,0.414181306,0.40493336,0.400195321,2454.679999,0.395971293,0.129784288
175,4738,248,169.5686134,0.998879159,0.997241321,0.998480758,99.08891432,0.997719974,0.820080423
176,4747,1515,324.4240772,0.645115932,0.621505276,0.632843016,798.0618012,0.600802576,0.141262095
177,4757,1742,372.5271321,0.659383452,0.507897515,0.528996808,884.7187024,0.631133277,0.088992315
178,4767,471,136.4667302,0.983530202,0.969190984,0.977194286,198.3351959,0.962869894,0.55253703
179,4775,6332,531.7932794,0.378976698,0.330130055,0.33132573,3416.062782,0.376325368,0.034152389
180,4799,4444,840.3690298,0.40283448,0.36162311,0.347366243,2598.802176,0.390459637,0.03986519
181,4874,2527,316.1203622,0.524215831,0.498781944,0.510543168,1522.436386,0.500559923,0.086471184
182,4908,2189,496.4416467,0.685098031,0.655728922,0.661028709,1458.558394,0.670873415,0.039304631
183,4915,6032,498.0576283,0.3269071,0.314195714,0.312959731,3127.569263,0.317398693,0.08222534
184,4984,317,271.2199242,0.993703013,0.993124099,0.993644051,130.2476306,0.992321834,0.840705325
185,4985,190,157.4101876,1,1,1,76.17886491,1,1
186,5038,3259,211.0629335,0.55621321,0.489089448,0.54643969,1352.2437,0.51607862,0.071978224
187,5048,2586,201.0266745,0.567258334,0.532507252,0.55704966,1309.269326,0.48697941,0.162859346
188,5099,2610,263.7796721,0.694846615,0.68189591,0.688399593,1077.559158,0.666959337,0.155966494
189,5150,4109,158.7053504,0.684781315,0.629851195,0.680451031,2192.414356,0.620587129,0.050897219
190,5171,444,178.2903549,0.960427429,0.946287223,0.953004526,182.0083433,0.949057334,0.557590144
191,5194,5434,446.8327445,0.269957439,0.247166371,0.244456593,3008.940582,0.256580112,0.02204759
192,5214,2988,270.7193975,0.520031502,0.48064535,0.512170103,1352.033877,0.461447168,0.060287777
193,5232,4118,237.7367788,0.301762787,0.221101312,0.296119665,2545.454677,0.230394155,0.061333462
194,5246,5111,511.2177745,0.663089993,0.639159638,0.649610691,2956.98316,0.656755139,0.021441063
195,5319,3569,398.2884789,0.529621837,0.489900545,0.496012483,1826.66663,0.504830954,0.044306258
196,5326,1323,139.7303984,0.866455985,0.811575882,0.853070889,679.6822843,0.77326146,0.133273105
197,5351,1142,76.35097342,0.876481087,0.614865853,0.865836488,570.5349797,0.69910628,0.055177991
198,5381,648,228.7762804,0.922702382,0.905547954,0.918117576,263.0524791,0.905328324,0.491585356
199,5396,467,180.6286209,0.968568701,0.963405362,0.957205682,272.8092489,0.96331686,0.210647136
200,5405,2541,241.3717416,0.454275707,0.377947393,0.444768195,1399.204712,0.360024864,0.082632423
201,5424,5665,910.4034795,0.396963578,0.372694445,0.354721727,3408.010824,0.393352673,0.039095198
202,5465,3378,369.5217263,0.501959812,0.437028264,0.450819974,1736.757472,0.481158676,0.051883071
203,5494,1383,215.0540052,0.609511933,0.556039795,0.590758735,1097.636597,0.499424412,0.078296257
204,5520,1874,405.3977838,0.631271556,0.582369798,0.585800422,799.6617016,0.606794999,0.203651987
205,5525,5035,460.2339351,0.305591436,0.275774566,0.277392389,2865.172481,0.296182834,0.020442315
206,5579,2469,234.0643598,0.745332852,0.726315582,0.741901115,1504.575202,0.696408553,0.187292798
207,5625,4485,495.6969547,0.358442253,0.328137581,0.337140691,2624.164531,0.33989028,0.035521377
208,5644,776,400.6159542,0.831546058,0.813610579,0.812496135,328.1238387,0.819678136,0.30433834
209,5659,4886,225.6337971,0.354933607,0.313585442,0.33956207,2017.461311,0.319708798,0.089543767
210,5662,4298,289.4847655,0.8220547,0.802000266,0.818501232,1847.098145,0.815726944,0.030219607
211,5673,2033,370.3969468,0.623476766,0.567853889,0.579234209,1022.401936,0.588931407,0.164081519
212,5707,4026,272.6154897,0.292717887,0.267143595,0.27971993,3299.348735,0.234419442,0.045417213
213,5715,6114,450.2385893,0.675239709,0.652338258,0.65601146,2709.208418,0.666325856,0.031125306
214,5753,402,146.4908343,0.970497971,0.947417476,0.953164395,266.1342545,0.955284763,0.399324232
215,5764,6495,210.3583941,0.692990555,0.672368921,0.688097286,3173.572957,0.646914822,0.076211275
216,5796,1380,258.823553,0.763596604,0.574748073,0.592635733,616.8140663,0.712445999,0.068728619
217,5815,1209,387.3727571,0.86424101,0.495690635,0.481981471,568.135129,0.84913528,0.255486632
218,5870,861,301.9438208,0.767687454,0.744291835,0.758540157,536.5567667,0.746293597,0.240449604
219,5871,2088,193.6333497,0.591424938,0.518772055,0.582622731,1125.202095,0.531549926,0.16758279
220,5901,4103,760.3178873,0.771851736,0.758649375,0.750314693,2333.100681,0.768127812,0.040665505
221,5909,4927,254.1188157,0.439568988,0.354191625,0.428038902,2011.79609,0.394433258,0.08834284
222,5969,2350,366.4042567,0.510315594,0.481513452,0.496890559,1501.795047,0.485350875,0.090761692
223,5984,4186,634.4798885,0.440946696,0.421128489,0.420255731,2341.100183,0.430503626,0.037218375
224,5991,3791,279.0145519,0.487328953,0.463558022,0.476237161,1828.830429,0.469971606,0.108812054
225,6014,1046,121.4460219,0.873166408,0.781580134,0.860290153,416.9838815,0.831166578,0.330178997
226,6019,4447,540.0329037,0.642324671,0.631963965,0.632521543,2891.216762,0.63802763,0.024252864
227,6039,2767,240.4585996,0.559526573,0.514295584,0.550612878,1600.582341,0.501328213,0.073375845
228,6076,1130,219.9208457,0.777610828,0.752640924,0.765032537,512.0599308,0.739942878,0.240748001
229,6103,2459,354.8477599,0.494866878,0.463047855,0.473927211,1385.762925,0.460482758,0.110336455
230,6124,1205,103.112449,0.912096111,0.869419981,0.908855264,501.044223,0.890022553,0.419987786
231,6134,972,145.7613581,0.967426936,0.947715597,0.961080896,424.7342188,0.95295762,0.570682446
232,6139,4794,751.1846598,0.758785365,0.612229191,0.565972834,2440.372693,0.755831924,0.024176133
233,6151,2450,204.5174407,0.803307966,0.774565336,0.796260558,1275.999266,0.759670103,0.087951253
234,6165,4472,443.7465711,0.297067514,0.259050375,0.268056637,2722.283014,0.274953929,0.045199841
235,6174,596,145.4137781,0.900185141,0.820806792,0.875033024,366.7181578,0.876275669,0.097792484
236,6177,4384,264.6636079,0.435248086,0.341917673,0.408654732,1822.221005,0.403102518,0.067457431
237,6214,2711,217.3890437,0.603049438,0.549532399,0.599499046,1268.248928,0.546536213,0.115357324
238,6236,3156,613.1896372,0.90765816,0.902972501,0.903638513,1123.733333,0.902511173,0.270881097
239,6254,342,349.3391605,0.989360836,0.986130534,0.984043134,141.2239966,0.987659054,0.811495358
240,6348,5019,282.3281816,0.294659067,0.253081903,0.287522748,2819.509749,0.250829692,0.038124514
241,6361,2218,163.9508817,0.675227397,0.549638927,0.661236901,1085.007875,0.623913497,0.051739748
242,6391,6717,714.1889853,0.507206104,0.48223023,0.478083146,2976.326218,0.496909908,0.039263066
243,6417,4760,584.3739511,0.293498069,0.271132065,0.265875784,2855.166546,0.280004396,0.048046606
244,6436,6141,444.146175,0.293112624,0.279864103,0.281799743,3310.193962,0.269133961,0.080138883
245,6472,4569,250.059776,0.424228277,0.383197852,0.41158724,1932.745273,0.368453731,0.085439822
246,6509,3283,325.9893198,0.416840161,0.387525256,0.398007051,1984.624011,0.38650835,0.068202521
247,6519,2671,263.8326839,0.50234439,0.468117846,0.482747599,1596.14983,0.467385035,0.071523042
248,6582,6666,403.1398884,0.332573512,0.304753466,0.313129915,2782.410419,0.31829417,0.036318706
249,6601,1374,210.8888299,0.834206029,0.704742709,0.713174837,690.3045739,0.797418968,0.361807227
250,6620,2822,206.9706107,0.395244512,0.328741928,0.379134747,1539.654986,0.326336769,0.074913201
251,6625,7919,277.3427264,0.308464795,0.281097918,0.301995396,3362.282523,0.286827838,0.046533617
252,6648,495,222.4398773,0.890664265,0.876845373,0.880704673,626.2298737,0.875165628,0.370714876
253,6666,3540,203.8532429,0.706254423,0.628234472,0.688453138,1810.195524,0.68011614,0.039503855
254,6669,6030,226.6672825,0.296762201,0.261063029,0.289869919,2508.525828,0.243894537,0.077850582
255,6681,2160,389.6170605,0.716583241,0.473777352,0.479669909,1034.466759,0.703921815,0.161040489
256,6740,681,427.859845,0.970844121,0.967839314,0.969248251,284.0478936,0.964687796,0.395878874
257,6776,6281,426.730828,0.41909482,0.385173217,0.390049459,3535.058654,0.405940211,0.043051085
258,6807,3246,404.4096138,0.506241527,0.490513539,0.492078164,2026.798435,0.489906261,0.040077721
259,6850,4051,408.7277421,0.376960625,0.352594936,0.360458471,2169.556762,0.356875057,0.031815054
260,6875,1318,209.933301,0.799637654,0.758361694,0.791398694,670.8697181,0.760604032,0.10710143
261,6917,2734,425.6358434,0.565191168,0.550402722,0.542833618,1699.723711,0.549267469,0.059959787
262,6925,565,274.8958386,0.955425067,0.951247831,0.951126114,288.8607088,0.946935872,0.432744625
263,6928,2479,663.7040132,0.621983601,0.583610094,0.555328243,1434.350065,0.606245644,0.080423223
264,6933,4974,66.59816778,0.795909489,0.684991767,0.70140168,1903.173343,0.675592771,0.057006407
265,6934,2984,676.380972,0.609161521,0.577496257,0.569874362,1873.234223,0.60101195,0.02205794
266,6938,2243,337.0311601,0.75768198,0.480039353,0.416605237,1117.35996,0.727534462,0.070986042
267,6946,1104,276.5789284,0.880875587,0.300736714,0.320309462,1037.719015,0.87023515,0.060524244
268,6948,394,248.9465676,0.974353687,0.950594341,0.953308987,161.4719166,0.969096436,0.665770497
269,6992,4542,390.1442962,0.305388957,0.282246863,0.282519683,2532.983322,0.279926804,0.047194849
270,7013,252,201.204411,0.999200687,0.998539472,0.998664157,96.54481038,0.997935543,0.911636937
271,7033,847,286.952752,0.930853091,0.927042213,0.927284085,436.4843071,0.925851101,0.395977172
272,7043,3922,377.6393159,0.269424247,0.242436495,0.247341672,2083.240823,0.210728503,0.099545268
273,7090,644,138.6075097,0.821349633,0.769710801,0.759099696,515.7974031,0.780102216,0.188172942
274,7146,1962,321.6452822,0.527961248,0.506561997,0.517028654,1223.29435,0.495001348,0.115754199
275,7176,6944,299.131037,0.321016103,0.290625995,0.31458873,3271.298022,0.297458466,0.061411411
276,7209,6956,219.1910092,0.388991086,0.332480239,0.384311996,2895.609931,0.341140835,0.067245691
277,7239,4970,239.6204499,0.400405086,0.347414963,0.391594847,2040.974602,0.365712732,0.050850879
278,7245,2053,274.8575978,0.406030522,0.345568178,0.388453208,1901.507873,0.381353251,0.079075752
279,7271,757,192.8678917,0.915201306,0.908453656,0.910764961,314.2492925,0.892367552,0.200380232
280,7290,3638,328.0853661,0.359351755,0.289872757,0.297314174,2077.73297,0.29901337,0.074765544
281,7309,882,269.4118685,0.757523004,0.707300273,0.743601532,522.6428787,0.739585446,0.212089095
282,7312,403,463.3263697,0.974548465,0.971422201,0.967731738,163.4652352,0.973048226,0.620268618
283,7313,3670,409.8884691,0.404127446,0.367783405,0.371972725,2126.516818,0.382261791,0.052190931
284,7318,3833,542.121346,0.5304714,0.413019108,0.40347227,2141.978151,0.511405369,0.058531453
285,7345,3392,356.5292586,0.483070102,0.419498882,0.430775049,1736.009977,0.455025119,0.024765689
286,7352,1236,276.5903157,0.763728711,0.738892513,0.751372728,686.501532,0.729623994,0.09959555
287,7465,2806,216.8463055,0.762568413,0.701276654,0.755680935,1496.27408,0.723040936,0.019202521
288,7483,3425,642.4194946,0.431222487,0.411737299,0.411150508,1788.50507,0.41748847,0.095144507
289,7511,2602,427.9383034,0.688409164,0.662474583,0.666994745,1259.882236,0.669630376,0.047885823
290,7522,411,235.0247295,0.982335261,0.977950645,0.97915726,168.8681776,0.980785821,0.67823828
291,7543,993,130.4815315,0.941148311,0.68438318,0.749148394,414.0725873,0.917304061,0.234905842
292,7570,4370,796.2930084,0.508949435,0.45918954,0.451568901,2597.162933,0.501573917,0.05001231
293,7578,5273,561.3221217,0.683217978,0.669093186,0.668849965,2897.498338,0.680957367,0.014154025
294,7584,4164,490.6626447,0.400381267,0.371084191,0.374628329,2322.819354,0.3857967,0.090222376
295,7603,5696,390.2946234,0.327947579,0.252591971,0.259714122,2763.473893,0.301871255,0.023681218
296,7614,6220,723.6237106,0.56294459,0.545812031,0.53291367,3210.711629,0.556891439,0.022336052
297,7629,6604,424.6802242,0.228532238,0.183412841,0.194536084,3567.541878,0.21617574,0.035703032
298,7632,1657,154.3568409,0.622834251,0.570622694,0.615740402,841.5869609,0.584545631,0.173624453
299,7641,1846,156.3977594,0.748494325,0.686437,0.739336524,929.751965,0.643329028,0.223789802
300,7653,2975,249.5660358,0.857052148,0.851206953,0.856250601,1857.379472,0.852952498,0.057716419
301,7655,3120,423.5440769,0.543825393,0.532794841,0.524087077,2199.404085,0.535701177,0.025870216
302,7668,3668,351.0714577,0.353851012,0.290568115,0.326772456,2124.09074,0.307667969,0.041646804
303,7671,4251,204.8499987,0.544911101,0.47492484,0.533457038,1729.256299,0.50533143,0.064016555
304,7762,3168,477.1812377,0.639300467,0.60055577,0.599961505,1355.404159,0.631959424,0.033855443
305,7786,5455,223.8867736,0.39270308,0.345447194,0.386869539,2271.425831,0.363452499,0.079024802
306,7799,4913,285.7238517,0.306003969,0.272173637,0.298880594,2723.738661,0.246376498,0.087629955
307,7801,843,250.4613535,0.844426316,0.816318576,0.8363502,517.1219108,0.811060968,0.282913585
308,7824,3045,162.3447387,0.576805411,0.474273324,0.572371832,1379.533805,0.472265019,0.164478001
309,7834,4048,277.2490421,0.309056676,0.27093148,0.299759618,2216.989875,0.248121589,0.052561284
310,7844,4764,379.0681633,0.393975417,0.36378864,0.37343097,2492.8809,0.374330346,0.058585441
311,7858,263,217.392734,0.998061758,0.997597279,0.997681875,108.0326199,0.993632262,0.969044583
312,7900,769,357.0586976,0.926153262,0.916764734,0.909781172,331.9531085,0.922606894,0.657943238
313,7906,399,129.9922262,0.989310421,0.974736071,0.974508017,191.9093663,0.978533294,0.588803332
314,7916,5258,200.1402496,0.673583087,0.638784976,0.666124649,3070.169557,0.636561295,0.050664057
315,7929,1808,390.4965742,0.659475694,0.642776139,0.63527241,771.0077474,0.643153472,0.180891023
316,7952,5514,283.5876047,0.598424872,0.558237712,0.574490333,3642.933906,0.559693776,0.031992605
317,7954,1624,451.4327961,0.690945338,0.654105626,0.657394179,1641.143751,0.683836044,0.060337969
318,7956,1689,187.3311453,0.667805176,0.619074102,0.657350661,998.2067205,0.656039757,0.106158426
319,7975,4866,360.8143761,0.454223226,0.360264821,0.394761811,2031.637478,0.43433715,0.027569362
320,7998,2023,314.5931152,0.755666356,0.738367735,0.747424417,838.2691346,0.739565242,0.108317954
321,8022,5901,456.6263952,0.255087085,0.22211563,0.228916626,3234.395401,0.204537235,0.051156133
322,8082,2674,402.9314074,0.375441327,0.339484927,0.344977015,1806.077747,0.35335443,0.068071533
323,8120,226,157.0192959,1,1,1,90.90581711,1,1
324,8148,4902,329.2068015,0.340421927,0.311511201,0.322606842,2788.678882,0.30694374,0.058265685
325,8157,5956,422.9914098,0.340595311,0.312922609,0.317508743,3339.765891,0.325518409,0.030578441
326,8165,3882,268.6011003,0.473251385,0.404131443,0.463750284,2193.502813,0.430177899,0.039172159
327,8183,4818,293.895627,0.889656346,0.883928051,0.888662409,3280.372867,0.884166515,0.02551286
328,8209,4182,525.4180535,0.404921715,0.309890163,0.310404199,2419.508417,0.39425604,0.034762648
