,Gal10,Gal50,GalTot,LocArea90,EventDist
0,1586,55184,443117,27738.44515081776,936.4954474723523
1,237,7109,53144,2929.606924462403,514.2899608360477
2,2216,74932,615033,22142.336745703447,775.3764147189273
3,122,2960,25401,1116.667080990251,369.6127339219181
4,152,4608,37569,1728.7875415765266,406.4011842510938
5,1567,56485,445646,33287.22526272009,1099.9044143089002
6,0,5,53,5.384101518937651,151.31012464867462
7,164,4266,29784,1553.2440300953283,543.4326821343923
8,120,2630,20138,1169.5819225281737,329.0675024085235
9,2024,74044,594244,30404.881061653636,905.4220169299685
10,3,151,1052,31.01206411509269,351.6273336536024
11,1588,31579,268211,24836.377549088847,221.30178543657826
12,2496,93314,746497,31773.559173581747,799.0299561401457
13,92,3110,29313,925.0983064708022,374.7013768173025
14,0,5,26,10.45674641172272,147.4114820107465
15,1167,26321,217347,10263.72198728736,276.88053579737846
16,1223,27418,188197,4020.5706375680625,561.5056436890703
17,118,3288,23273,810.957649212885,459.1490562521374
18,1191,47964,423309,28480.590556595733,916.5305210126191
19,9,322,2474,337.32719706805534,388.34738389220666
20,1574,25266,201014,5291.116962822498,328.2624007117958
21,118,3647,28350,967.0629887313605,500.21441877035954
22,21,690,4939,2033.5822744202442,465.0261089627366
23,1,13,83,7.956077552797653,190.17407477270655
24,513,15077,110127,3873.5237681344247,663.1459276293787
25,130,2313,17128,10477.125510545504,498.28993182425944
26,74,2174,21935,1013.3159369604197,302.17921646918205
27,3,59,316,64.16006498743177,166.0607120846444
28,1273,30847,215146,7540.791122958205,568.4382964116169
29,1073,37557,344655,10627.975429309005,619.4883816821291
30,1673,53299,425349,20920.013741649836,565.6905094020123
31,53,1612,11518,346.9889094603885,382.31581085492337
32,106,2957,24530,586.2572662751052,445.14337884400396
33,20,224,2054,143.53560578511755,199.05405072088845
34,847,26065,234045,9337.981096619442,416.7322869450492
35,74,2224,22641,1314.7141533336735,349.23863470897504
36,387,12852,109449,4064.489300346378,625.3669279418187
37,616,10486,67825,2565.6157617048852,406.2453230015986
38,391,4689,53353,2283.350817649805,209.78862781943752
39,29,356,3359,111.82604275198315,239.82215938842302
40,2517,92241,725641,31897.51235380887,767.557654255231
41,137,3733,28850,950.4410403672175,555.1560817850805
42,23,271,2853,152.57112643434402,196.13339925316293
43,0,1,6,6.045537038161686,126.80060239774194
44,84,1387,10915,217.90407150605037,337.8277910174017
45,263,4008,32501,728.4806561168799,330.10280868836816
46,1599,61522,490387,33362.76169078909,1086.227172228535
47,1407,31930,220347,6143.039354601452,633.3378248678827
48,156,4908,47728,704.4296475962974,332.1274029906157
49,409,11171,92849,5456.038164106492,416.4569676150549
50,35,505,4743,479.46944426249024,388.74992182973386
51,1620,57804,471590,30482.51572383567,1060.2430089460527
52,26,277,2488,118.03878282102676,237.58402440136243
53,2920,100960,802788,31352.653410508345,635.5774350762455
54,1566,44760,409649,14244.01964384849,387.46507960258054
55,0,2,10,3.1203036204286247,156.49137728569616
56,290,6205,43699,1588.7271360411114,478.28098811684424
57,112,1706,11857,442.76755936121015,391.5428467670435
58,1616,60839,497616,20053.452888441712,803.8729773708047
59,143,3223,21130,1254.5604041058043,429.9609454854209
60,2,45,219,12.264834088808495,314.01391648528704
61,5,48,347,48.21676421922121,119.83899540484418
62,120,4247,36163,1699.9368225223927,598.9991861029766
63,694,17292,141833,5983.088345372692,313.10733689750833
64,1430,52696,440382,31191.089383805196,972.8901520105412
65,900,22858,173449,4138.1373177136575,533.3524771992293
66,1215,40888,352992,9981.666866643582,493.6270450382658
67,183,4397,37390,849.2733712112558,380.4342383281324
68,1764,52367,453383,10949.21507201358,476.2051724055784
69,200,5565,41880,2307.323142391149,598.3871554893065
70,1863,50657,361639,12403.396224047578,661.6694381688744
71,113,2944,25722,1716.4079603096618,599.8943981216116
72,721,14335,98846,1924.801949622953,513.4612112170211
73,50,1273,7597,400.54633519542614,342.3947112825754
74,403,10236,75620,4589.192082198628,335.117437500396
75,2785,98240,760160,30920.784374194376,765.2511284660127
76,91,3288,30913,1142.5015885069072,522.5554588787342
77,313,8620,90743,3036.1447615513957,568.3086818779984
78,87,3041,24106,586.4367636464932,504.6106884105693
79,93,3157,32444,487.22635349909035,385.8931916679223
80,1827,68408,530400,32155.64760556413,931.1308164207437
81,5,123,1066,442.05858572536283,172.97388324672673
82,1242,41777,343676,9397.07261482759,590.8985018992133
83,1774,67067,545603,30856.001395954638,883.0676443063189
84,1812,48946,344188,11751.002782454372,667.612273705081
85,7,56,341,74.69385593299224,158.5348925121582
86,1477,55504,444382,33568.38863386583,986.3753188783552
87,50,1028,8013,557.8286529116781,261.88629620421943
88,388,6468,45886,7490.079427238961,530.8957343580131
89,39,496,4457,119.3469006508676,283.3218479918574
90,483,19346,176532,4694.825055826377,591.7316676197738
91,1877,71024,567402,31366.082108831724,915.0988893634402
92,68,1629,12071,423.3597134384023,396.3365414109558
93,2140,32688,290148,5988.137221207166,348.8727868294045
94,876,25065,212716,10392.34373841597,332.9920962658687
95,19,503,3669,334.7601387703977,261.94144474481453
96,21,645,6508,246.64086300482842,260.8459641369355
97,2087,29301,266751,5603.019463724098,332.9115557125931
98,466,14651,127477,6752.773073884158,647.5809396125403
99,55,1616,9628,562.398869089117,388.90985749620046
100,171,3904,27079,789.2245336890381,448.0047646574904
101,4,36,229,19.45046630322871,256.81215329679264
102,192,6225,55421,1772.9258632385497,466.64383474108473
103,1142,41489,354313,10726.39572317322,604.9271088258641
104,1347,48998,413151,32582.218600742704,1021.1551859785563
105,236,6396,57053,1866.3136737223,455.8766449181364
106,0,0,3,4.114505956015681,51.580271925178444
107,2456,43057,345106,9659.220739324015,339.6894997548885
108,2428,89112,704069,31198.6430266121,740.7164387239177
109,605,13156,93675,1786.607005353652,548.8959425809454
110,84,1583,9610,678.9983944482387,324.45181448606024
111,15,154,1009,213.06747795098096,201.24698682601058
112,1296,43240,378285,10915.223679382527,617.5395500615285
113,459,12756,90078,4174.2400584209445,343.93308680829256
114,1370,50575,401977,32903.66806685858,959.990940911094
115,213,7505,71317,2966.234223697947,505.3158869187453
116,2499,92789,774850,32247.2355245978,849.3521838123461
117,0,0,3,1.090098191534035,85.18283556452766
118,154,2547,18168,1219.4936664918253,231.68880621616645
119,739,23397,201592,14049.972330283028,585.8993788820832
120,13,136,640,47.59958832581886,277.5418827178665
121,125,3048,25560,1243.1905980058343,316.2225427025541
122,0,17,113,10.462483770625532,248.67352741639976
123,1,19,110,19.61111235250741,260.3701370742944
124,91,1199,15320,638.9417938342152,444.2979444223558
125,108,2748,19524,466.1030372643421,350.125177517592
126,123,3049,25902,1258.7831002582732,283.13308267497393
127,266,6513,48827,1342.9878580067248,475.4999613701898
128,2,19,223,9.767443720685034,215.11464170979676
129,1662,60470,481426,31960.45937719971,970.2057621118676
130,191,5876,48211,1898.026515246236,562.7315633179786
131,156,4924,47127,1372.9401499701983,444.95335638548335
132,1109,42486,327332,30755.968084616034,992.723152838423
133,188,4853,43861,9601.568478577772,689.189787247808
134,213,6350,48934,1925.2084824823523,526.9214071750695
135,136,4254,37292,3649.825783759236,405.081514441147
136,41,1149,8781,609.8517449515641,257.79850946976956
137,2350,36937,319965,5795.047226955771,392.7283620326402
138,1816,67406,525070,31845.3187802473,946.3088670210575
139,299,9785,72798,1976.2873691713758,465.8845022080637
140,36,942,6372,607.5174595008205,267.28544609969777
141,1,29,201,100.96440272626208,93.04551964651412
142,0,3,18,8.02410623693098,135.84080765108718
143,87,1410,12158,672.1561841452868,379.11278802774484
144,0,0,1,2.2785511071162534,95.03542214587094
145,98,3301,27330,17792.267947101565,516.4650508212153
146,2529,88991,724627,27419.146374667736,742.10549994991
147,2085,78549,636532,34158.41206644928,968.1341984262624
148,8,222,1784,285.26148464774855,199.31310307428328
149,30,327,2274,183.10371126970182,203.1091937296049
150,778,14509,97268,2149.224480465297,547.8626968846787
151,735,24795,215174,5787.309988663981,620.9296040897567
152,1705,63415,515194,31156.678344351538,935.4198485198671
153,266,3716,31520,969.8956047839482,292.9651214404126
154,1464,51570,425012,20176.25203990667,924.0375255657997
155,150,3271,24611,1306.5703821824839,293.51976290089397
156,423,9099,67962,2009.2821005987398,546.8907793638186
157,418,7203,66116,1391.9160547298943,385.9609579296026
158,3904,57158,472620,11790.6594071906,332.0336366018194
159,1989,69492,545488,29742.25872875942,927.5702977702979
160,935,30359,285559,7744.84439045017,472.1103662719326
161,374,6750,48370,874.8193715373707,488.21694693248634
162,1119,27289,200157,9140.170075613734,600.9181736332145
163,8,113,545,102.22662168488044,200.52636233994303
164,598,17444,144534,6240.987545790236,534.3007116033166
165,1033,15810,119856,3236.2113842286076,335.40988497467424
166,3046,52561,405202,10281.556977248096,391.8845028902613
167,4,54,451,20.502861850544274,180.63194670572142
168,54,1749,11780,529.5418342754206,398.78257844123874
169,129,2997,23678,634.3617421843715,360.4254302354672
170,1147,13525,139675,24624.03625685042,139.5504483588725
171,29,380,2479,128.56601678498401,251.101648395368
172,922,21769,177814,6211.415558759749,343.8761814223101
173,378,11022,83953,2594.5713924646707,538.2335583846956
174,30,907,8325,475.2615013186288,459.6407625938842
175,169,4378,33345,1715.4637549587992,487.6095727294263
176,257,6083,47119,1668.1354617468132,514.1607631150762
177,1,12,60,8.025745482331782,153.26360452893437
178,1516,59138,473121,30042.620942039368,901.1558215469701
179,59,1449,10813,497.26509233360827,395.95772021595843
180,261,3789,25100,2340.2555824932824,397.96095959005385
181,179,2998,18720,710.6325521929361,262.5783682285333
182,83,1008,4933,185.2871861435715,278.42511474339506
183,1480,55746,451196,30611.557121786886,941.7707215869367
184,287,12119,105641,2383.6464082525395,661.114204516637
185,1,26,366,121.90740196692198,104.0193792782128
186,296,5999,48645,662.6452823298274,427.9905341683775
187,24,373,2349,176.25166549434502,228.01114357400806
188,1200,45485,388642,29590.241667270548,882.2351666721789
189,88,2997,27309,866.9149302146983,472.10239575079896
190,493,18149,158475,4272.47675680027,589.1128083277605
191,441,6840,48701,5414.598040374191,191.18103579991072
192,495,7099,50097,1209.0024959266857,389.0594635764369
193,3090,103348,792169,28863.51828222333,771.7926445161041
194,541,14977,119763,1983.0017183330651,489.95166993348874
195,534,13659,117588,4876.548522468603,376.0809976681973
196,117,3588,30177,1556.509406933728,439.30247801483915
197,12,231,2396,51.22150103889322,330.3107666359679
198,335,7805,65642,1840.452938279231,335.84460083137884
199,1,12,131,14.45240707618018,210.1414548568034
200,67,1774,17741,1865.015391364864,376.1772721651516
201,357,5269,48798,3213.5373418446998,380.3838355408048
202,775,22573,175367,6911.727421909229,427.03363906001255
203,1661,59268,465914,31103.068462763677,1007.8789872531228
204,446,12847,98515,4589.80843846933,390.49845120469143
205,316,11057,101636,5151.413912784458,594.9783184035169
206,0,8,41,9.064207443740521,211.3018044899609
207,36,724,5848,552.0519521192482,287.25590626813994
208,45,1300,8999,639.2007946075421,300.7492576369514
209,184,6012,50667,1670.8893940201624,535.3776227906751
210,527,14073,109928,4708.096386591279,335.8060280792714
211,3078,52554,398880,8501.782346724991,354.5626268865574
212,230,3668,32349,1280.942419586329,396.4963714175096
213,133,2228,17823,656.4259852791806,343.4017870199561
214,232,4353,33154,1022.085899854716,421.1835630492804
215,131,4128,38615,856.3483543611218,473.82945461216127
216,9,98,476,44.561246975430386,216.11710056431068
217,395,12303,108269,11578.298444007365,434.36624387663494
218,1701,63443,500186,33862.98070333495,1037.6196393207927
219,483,14155,131232,3640.1739068393076,489.61654500637354
220,72,776,6141,207.27930244074534,278.10930382054505
221,33,745,5885,456.4052614731912,307.0454078196377
222,952,25554,203315,9144.1829483549,426.9005220739268
223,1833,60916,483104,17612.708284388398,601.8054031715169
224,595,15762,124598,7982.784138867536,396.5254114546682
225,315,6432,58560,3092.901994308801,221.50390243235543
226,106,3008,23839,842.2246159878026,442.32285383159905
227,1887,31755,250027,6425.999338706472,381.65862136603107
228,16,206,2194,374.41676350662533,124.07350110326686
229,303,9042,76985,8992.000323080547,467.522103290615
230,143,2095,17902,770.3535406349932,266.70211812755275
231,2143,73425,558484,16014.050599709222,641.8143790609004
232,144,2453,22563,1137.0986356658602,347.34489163167495
233,231,8080,79862,1623.7709242194792,477.69276347048384
234,243,7068,46929,2084.17594447063,479.910577528789
235,264,7795,57837,1789.387165553414,624.1803813994155
236,665,8500,72299,3523.3022667436526,247.97442507792468
237,1,15,95,73.94308153942444,154.32971245615323
238,790,19789,154727,9515.386790875951,288.41212337406574
239,189,2830,25152,906.528934570505,412.7346560018179
240,0,14,80,9.568275404487462,200.8262954816443
241,184,6076,47859,8123.828091643432,449.1096421413779
242,1,28,150,13.171336795452588,251.1972857348255
243,815,19072,134426,4708.6209451195355,497.3389425552758
244,572,12170,84772,1864.4121490573684,485.88817532327255
245,355,6266,46499,725.516900432228,452.1662193124384
246,1,12,92,16.496546090981596,156.39753695703763
247,169,4185,33783,2770.411607363414,431.2190373024264
248,321,5595,41620,1168.8868824782332,483.86977745314016
249,112,1882,18018,311.7549688155276,336.5942631823598
250,904,11964,102240,3742.4759338126246,258.53518233872984
251,206,5105,39623,1956.891817589074,302.2255228746934
252,202,5612,40947,1892.5284861719426,577.929413555187
253,0,0,3,14.895822957097407,85.63604967042417
254,263,6099,48474,917.2692704365668,478.9997963340586
255,1725,64655,507732,31326.6353075068,945.7202463095277
256,359,6060,43818,1381.8576449505667,342.12550619572806
257,206,5944,51887,1960.760436734969,434.64931166527464
258,197,3441,24779,1157.4646205254376,326.455769666018
259,107,3364,30220,1229.9553306397504,531.5250000458976
260,2,47,226,15.57201168492867,313.21405776532123
261,136,4714,42947,1840.8332432122172,489.0939027780873
262,130,2011,18036,373.07586076876845,324.2408124520028
263,108,2780,18841,1184.2171054665434,425.5217975171417
264,793,30334,254212,6321.035177202251,568.4371611997814
265,1073,26534,186626,4052.476910049293,677.6699879719606
266,0,48,840,115.13567921620454,233.53338660043508
267,2455,83896,659966,26171.54948502454,657.5891507526329
268,144,1811,15118,763.2326586139048,235.3646677055813
269,793,22617,164300,4456.032899800593,582.6799280407022
270,2588,91382,703938,31006.969340386997,650.9038163575842
271,1,16,77,14.236026683274176,197.5569650777197
272,1196,46140,385109,17390.531519745156,672.224211122929
273,67,1324,9254,356.5686595826816,283.3227987990974
274,155,2124,15250,593.2625814954371,274.17652072307635
275,106,3399,30374,849.7258029418774,543.8915667550393
276,149,3917,27777,1222.4836501028901,363.08200882445595
277,900,20645,144900,3876.3367132422027,503.9891640444575
278,1815,58258,445763,29469.907940888395,1003.6214228024188
279,341,9741,86912,1731.9348927460683,520.2854856851543
280,61,1870,12791,497.9822621964596,477.1367443289121
281,2083,69273,548419,24171.696323971224,633.368647237186
282,7,73,496,14.032760253574596,240.35754834098972
283,1,8,58,5.277550567885452,201.16535519486814
284,74,1702,14024,450.0187613916625,269.76860296267046
285,21,469,2734,753.9709220993675,422.1442868634524
286,2038,29349,258139,5719.261633585845,343.3984128483166
287,593,10243,67582,3402.771830913405,352.8987782489431
288,1491,55814,450502,32672.0230207803,1033.134618768911
289,147,5176,39162,901.8341357426051,498.9206743067607
290,1170,38179,310732,3735.9582940990317,489.8157998362441
291,6,101,457,42.03762868089407,279.187117438261
292,16,165,1464,48.71181633026374,248.32435433297465
293,2830,99491,752835,29580.69470205627,649.1654514941733
294,1279,34595,275448,12744.778914237218,369.8839489663281
295,885,20678,142404,2323.217265797335,636.9237674694136
296,327,11212,95091,2649.0730235505707,490.76823796456534
297,2,23,97,15.465460733876471,195.90019993210348
298,444,10270,88033,3582.420012878214,355.2006638606619
299,0,3,12,8.005254914821744,144.2894311527958
300,86,1962,13821,722.2646375570347,379.1086011920785
301,2,91,500,30.444885206414835,327.90193754323644
302,2840,102173,807340,32832.11828360433,758.70301448195
303,2,20,157,42.735127598935776,158.35463820087628
304,32,367,3339,107.21320619412334,283.4479964497267
305,269,6376,41747,1805.4878338801016,287.72615828358494
306,148,4471,29456,1453.7352772849795,561.103124352707
307,1256,30362,266268,9010.656574987086,349.28286125536977
308,684,11314,86222,1496.9064441605287,439.90641755334445
309,62,1607,14282,1184.3220171721948,461.81099770873556
310,0,6,32,9.189609716901955,155.5228562481615
311,924,32804,324006,16767.565811587167,602.2728805116834
312,2572,50147,386665,8407.771622988936,400.7008332732664
313,525,13553,117178,3077.270150166743,518.7403874444815
314,227,8286,77909,2072.9372780027243,393.7933118397357
315,4,50,297,62.32820825203435,130.8466613519203
316,37,534,3338,130.713428260036,319.57709019415745
317,208,6675,63322,1658.916345612697,398.75433046621595
318,318,10621,96703,2789.759620829093,649.7462477366134
319,19,283,2705,64.59692388674578,256.5590186042314
320,9,251,2452,49.78060433158733,316.7169405396589
321,11,267,2021,148.14188536137414,258.56617963624285
322,125,3149,21983,738.0013934047441,422.084386679046
323,23,456,3971,144.40768433834478,264.894369067428
324,5,56,298,265.0331964018388,95.20867806505687
325,20,199,1077,97.35806284449535,208.33383543812144
326,2007,65111,551712,15841.877376772076,530.0415346983445
327,39,987,6482,130.04953387271078,324.7267411097043
328,526,17918,162626,3758.0946639914764,646.5552818096036
329,402,12761,112540,4227.784370192776,597.9882002264171
330,50,1394,13034,360.070087758797,354.3643640236251
331,49,569,4904,391.13050961321335,175.0998158348047
332,2064,74985,607041,27654.725609707944,821.120417932318
333,0,20,177,67.0189089664323,157.0728589562009
334,2340,82066,654684,30438.347895756433,636.800554657354
335,34,733,6394,453.52018956777783,225.87847034166623
336,57,1552,13907,1223.8343883131517,425.00859521031225
337,1444,50938,433712,19846.14735807455,628.0912943042308
338,94,2897,22928,752.6234623799074,430.8150213097122
339,40,584,6071,257.79101022109086,234.67384626417115
340,194,6046,48300,1433.6184577263243,598.3146531423611
341,14,241,1509,160.819809291185,194.49385536602907
342,19,722,5554,186.4641643413481,304.9800123835411
343,3,29,344,13.715566268519204,170.41185135497733
344,1706,41775,328538,8885.601821850623,420.74941124478033
345,58,1312,7872,1001.1068372152384,252.49832309692664
346,103,1545,9448,260.7809938321556,277.260113354869
347,77,1124,6079,590.9971443515273,279.7507416802509
348,1784,57910,497092,21386.015145699326,665.2128745068438
349,3,68,489,36.56992564651547,372.8940219716829
350,0,4,30,6.606978587936734,163.487720648572
351,14,633,6648,670.0972919218781,399.3576618781047
352,90,2041,16854,692.6926505265475,288.0097901165199
353,1,18,136,118.80594966860258,90.83721375664075
354,389,11511,91833,2365.155720131481,540.0759334413492
355,1699,33250,243497,5198.699585616023,393.49139556839935
356,38,876,4578,200.62970347238775,412.77792217612455
357,11,333,2360,396.385930368188,253.00687955684649
358,146,3325,33658,694.0499457184125,429.2150523998648
359,107,1173,8767,689.3748178353221,197.0616526953813
360,87,2903,22893,1074.649942876867,478.110105008689
361,130,2494,20696,656.839075120183,339.5525896814323
362,57,1264,7771,289.67433326671033,339.74515606032145
363,0,14,109,31.825949456591413,197.67867663346055
364,2289,56546,460196,13795.049999513343,408.3460861260466
365,215,7308,61511,2986.1543338085057,610.1930014889256
366,846,16959,114905,1859.2321335908307,602.8638432698406
367,1078,35936,287498,11265.576320405364,804.6174017783096
368,2919,104299,828070,31425.252310819113,696.2495270333142
369,274,6765,49998,1165.7788731983107,541.978040748555
370,9,95,1364,334.1044406100765,99.54047523403241
371,2227,82206,659648,29695.04846121629,885.6261650147004
372,936,23966,193009,6911.819219651674,622.3708621581219
373,8,80,864,24.425576094666,223.06503825145913
374,107,2889,18638,1312.4806814750793,416.50324816341873
375,1255,41113,324265,17068.242759984067,877.5254476682815
376,212,6921,52949,1832.2173693855964,463.08467040158746
377,185,4956,37689,182.37752555714607,425.2541221714051
378,6,63,728,134.34599606821558,110.4476589825843
379,46,570,5831,229.05175985421158,197.2576014087112
380,167,4543,28022,1297.0004675325956,473.80918385263715
381,101,3254,42058,823.4093572773851,478.7294623421955
382,1801,64830,516094,29601.257396363944,957.7505628018727
383,2774,99673,792435,31795.170984945933,751.3043471815008
384,354,14287,136941,14262.431648190312,575.5076938683046
385,1887,36602,295142,6916.592702258813,415.3182601405279
386,761,15244,109444,1951.5150926744398,537.3554081516226
387,1307,32784,237464,6327.959349775243,552.171425981706
388,480,16687,149665,5073.464515485471,629.1446542169981
389,794,23877,187507,5383.46549172214,676.8460513775099
390,25,367,3142,221.36451854714565,301.2456055836484
391,2233,76088,613340,28782.4215337548,690.6024517458399
392,1,11,49,22.779773712259725,106.55324910600471
393,839,26693,215668,17856.601772101483,548.1188533378242
394,2326,86422,691892,33307.36831020515,838.3334128837171
395,849,17054,130748,5676.641253164965,435.32816653539817
396,277,4754,33447,776.0646716113912,366.41098025942085
397,267,10122,91828,2551.019920656135,522.5339249972186
398,545,12658,88703,1769.985056989509,547.5662641853314
399,194,4647,32185,1810.0154296771198,280.6222169220696
400,311,5884,38460,843.0835805778235,312.0343541550423
401,27,795,5221,542.8918488195607,430.8446712858434
402,2342,64998,486115,13911.65936034487,630.143492429118
403,415,6452,47702,1096.7469708796923,372.60158481516333
404,125,3881,37311,1307.1998524163923,472.63516429444394
405,332,11561,90228,5497.97989693144,582.2878754259285
406,1618,54429,424233,24678.852623053277,867.2742085811731
407,1983,74052,569307,29675.32506055383,787.9289028635434
408,686,22583,200729,4862.5133033469265,646.3579184655133
409,28,665,5258,358.4242853763907,317.89190578782006
410,668,10313,71578,1765.2443592903865,379.5507797065337
411,245,7064,52479,2418.6869179401056,449.8931522716318
412,5,72,893,67.78607581400814,198.79477406716776
413,1,63,338,28.694171118357165,275.6713336817473
414,344,10672,89596,2583.0966746590493,553.6124111182264
415,175,6727,58515,1586.409243044376,555.1037998312626
416,204,3079,22758,565.9527531180581,383.09367973789057
417,148,5180,45397,1357.518129239443,559.9895421611454
418,298,5780,39617,910.9089982814509,426.32376496671185
419,232,7355,57605,7699.171735092995,512.7437257470829
420,480,17998,160661,3482.911260067865,554.7457703817113
421,472,7285,51603,1328.6542962221026,361.61873290859967
422,1465,50892,402088,14661.25021873329,515.7567654723094
423,625,19143,141537,10660.416095790897,594.3897205116416
424,21,912,8719,341.782666067438,490.36239879458776
425,264,8747,71652,3097.8197305112103,564.8976933575336
426,12,385,2190,73.07100298619721,332.18486167431274
427,70,1349,11644,743.9682466636673,242.8293493390697
428,111,2817,19823,1002.7854245056608,460.8790246471261
429,1708,61285,470442,30946.068095256363,998.1188943517669
430,1125,19631,142765,4323.476959710055,396.9065039263991
431,2001,61582,505828,12411.212146118605,538.383140890742
432,2,18,264,20.396310899492075,141.00644105681894
433,706,20101,152505,6894.862865225768,385.03151270593486
434,11,116,512,39.47630774213929,306.9069274309348
435,686,13749,97017,1883.2175722953812,536.5681838201384
436,301,11498,107308,2680.8743843261504,604.8225798355974
437,1,9,96,15.494147528390524,144.02237561509602
438,5,137,1054,129.17909456488434,262.7664435118567
439,46,889,5312,601.7776417299086,317.75043544542604
440,2465,86509,690631,25987.311415937485,684.6043244523606
441,32,1054,7854,268.9608283821629,296.18618063971513
442,2150,78669,619145,32252.795844997323,966.6622380338564
443,127,2902,20352,1138.6591972874248,347.50727258604036
444,15,497,3819,964.2533221143841,541.9949105716053
445,68,1391,8515,674.4511277064111,329.03699030776284
446,788,13158,104281,3689.5348643482894,270.91687274957064
447,672,17137,141417,6278.716417935119,345.15265580024897
448,531,17339,151340,4141.756771558631,654.3885526801245
449,1800,46206,405370,13320.429443146428,361.1789191511078
450,1727,64272,539274,29416.875073681615,1008.0903479066702
451,179,3953,30269,1499.0833620527953,357.43135045781656
452,72,2264,16812,532.0736487969609,361.41659720083237
453,2086,74003,576003,30798.719604668975,945.0231202468385
454,11,332,2518,80.76480127486637,200.00119981469987
455,2,45,325,32.8914589671134,344.5061837442147
456,45,936,8303,264.4102831495336,290.2378953588419
457,1,12,142,11.642740459203734,104.19131291272019
458,349,8631,71018,2030.4611511771152,479.287732913295
459,101,1316,9324,593.2789739494451,220.49276385783995
460,46,1163,9015,260.75148741494115,366.01801714725207
461,38,961,6582,755.3249388004308,225.55125751956353
462,1997,72541,572401,32799.5956548524,974.8736666846615
463,157,2264,17624,1008.8571894702353,216.72712805419587
464,2337,83524,657098,31501.52312082768,721.796583126566
465,502,7908,62451,2524.6477406480153,363.50109988772056
466,2111,79182,653911,26154.698042304288,865.237021288604
467,1469,40097,312656,13575.574711290623,366.7574886300871
468,61,2208,14310,554.9566949694712,484.20376489336184
469,4,82,414,20.075838423635076,289.59870019095183
470,4,95,660,202.24681906027996,130.57677588940683
471,1187,27018,217641,5900.942479847649,414.79305726300015
472,18,252,2004,135.0967704617834,190.92580547739658
473,285,9604,86217,2537.3813989214536,565.108364781862
474,73,2115,17373,766.452136581082,334.1938244891408
475,7,74,442,18.152183945792686,177.2872622185445
476,21,500,3067,255.71736478907496,287.4601915429022
477,7,236,1888,299.1622856465585,159.82738799808692
478,3580,63675,492877,9232.177641470009,444.9916888931323
479,1524,28444,220474,5482.331660335373,343.8393394901816
480,886,19852,141866,3051.514326429325,617.463418977774
481,2656,91244,715122,28530.528528485796,711.9123180851519
482,52,1263,7949,391.707523994296,399.86926662589053
483,2,32,351,17.266991429359035,204.63870244781356
484,2575,90938,713561,29082.783747034744,686.844673940395
485,753,13610,94347,1772.7455462444614,546.8188712947511
486,54,698,5477,204.3548886457127,290.6365946946107
487,2464,90400,714764,33862.98070333495,809.9387983714416
488,1961,71881,564335,32943.114868183504,932.7635695875748
489,33,393,3105,117.32079333547502,249.7882652763507
490,2706,96137,760373,28993.031782849976,710.9147532301653
491,44,647,6757,268.72477704444725,233.80152627705039
492,854,29574,242807,5802.299248608924,638.143020566184
493,9,177,1080,35.153617620221624,327.25228784953055
494,154,2047,14707,449.6777983482954,305.8210621881905
495,695,12530,95541,1994.4239802858608,437.5643248735055
496,712,21567,166513,8803.259246877484,457.65733754617577
497,1725,38886,330717,8987.523543890953,378.48648581874903
498,114,1517,17240,1098.6091536550045,245.37582813500808
499,1773,67320,533161,33483.6199756995,1023.62010612295
500,213,6812,53362,1685.0131323934816,525.4059110494976
501,577,13850,122738,2682.749681064669,532.860033918087
502,46,525,5037,420.3549766187303,159.2307661137277
503,19,601,5294,130.40525012468504,436.46324565677656
504,9,191,1112,219.8359222108968,179.48730780106334
505,1883,67174,536222,24544.30336055536,636.7659116456015
506,360,9724,77574,3076.1685772574033,378.34305209943506
507,667,13499,93741,1802.6978382079349,495.38948151037977
508,72,1764,16096,954.6702935012894,205.06995487879524
509,1286,39391,340414,8136.348648014767,458.8786848445532
510,1284,36905,332060,10463.264051436314,426.2662675044813
511,558,19061,180853,7546.810432069954,602.949769859794
512,986,27234,204756,4379.539152417519,596.5400814242073
513,2649,62592,459248,10805.800770388121,708.6545102887196
514,0,8,121,10.637063405811057,252.21621859139947
515,20,248,2598,349.5920311568638,153.28906488878826
516,2298,49828,389749,7800.290226886933,457.49644549812785
517,110,2606,24934,1238.2138489689962,294.36520190934255
518,1584,50623,424635,11665.709565759787,512.8768345116713
519,50,871,8066,1945.744948863613,139.13026969888142
520,134,3877,30121,1148.8749746252295,457.30477094018886
521,1412,52740,405137,28960.220646907503,834.3078897612559
522,226,9230,77615,2167.6200923531087,618.8577975872118
523,2318,65398,526154,12859.814599483974,527.6067898208626
524,25,562,4487,270.0361733650897,282.3501835096776
525,32,798,4292,315.4563849305409,304.0389147314901
526,603,12200,81468,1546.621478676084,503.70625149597214
527,256,5329,41330,2341.3669908750267,264.3197370979476
528,110,3181,28969,2354.2580167069423,239.14741822298666
529,23,266,3302,193.00147499975068,218.64428377537718
530,1,29,192,29.389211168297663,169.16018593252417
531,13,398,2545,151.09252708281966,306.03868256461624
532,7,68,800,81.94259909534337,124.51357476137117
533,1824,66016,518075,25491.406897286543,983.0667343655404
534,744,13358,93086,1462.3511511116003,494.44862022223646
535,59,828,4259,432.3542529526087,220.43705961852783
536,1452,32756,219097,5669.0613824316515,652.1086453775387
537,415,8343,64292,1957.2327806324408,370.1292326290718
538,227,7182,59053,2405.8090060713967,575.6268863962938
539,0,0,2,1.3474597194601154,98.70740340585672
540,0,7,44,31.040750909606746,146.78060837542623
541,449,12946,95274,2270.6302733395733,615.2036782114656
542,2034,67994,530793,27222.80411754115,608.812973321686
543,1,6,31,13.374603225152168,148.20536896804
544,2,24,159,38.725533348571496,191.26134679264007
545,6,182,1794,44.59321226074604,325.1654117126567
546,373,8647,61322,1114.2967321406898,501.62915397986177
547,234,3797,30052,1088.9310488086633,449.2863346047181
548,861,20203,143318,2597.9285670455156,574.7782533474013
549,57,1026,6553,219.74740295925344,388.40552755548185
550,234,4037,28391,652.2754159243473,436.0465175991033
551,68,817,7396,492.2326089531429,200.67821302915985
552,1636,63899,518830,29586.77958098405,923.8687677074963
553,366,9756,79475,2383.6464082525395,506.1508756014121
554,2234,72898,597511,19399.223491999604,670.1749841543369
555,77,2675,24700,676.8509829731868,430.06171220144057
556,84,1135,8548,434.1107043995692,192.87242850418048
557,462,10876,84964,2125.484928570867,501.7438249673306
558,21,256,1686,50.18713719098649,264.055900683319
559,226,4745,34062,1248.0821062818306,383.3798425176073
560,1193,42558,360656,28070.175964087473,1140.7342869226482
561,6,50,500,227.16007066168487,88.7815610252693
562,55,1618,15767,729.2674939092653,341.32227239592874
563,4,130,822,53.331209869726756,327.1187652957672
564,155,4772,38229,4130.124686194533,545.9347633283977
565,269,7015,63356,636.4730902606058,328.0233046093661
566,274,7331,70640,2356.9988350170847,391.06638947958476
567,1476,52087,437389,27293.881798119968,750.6644170515549
568,1509,58586,466247,32800.43494849761,930.6840857375888
569,1356,45692,380618,10618.795655064509,696.9835527761672
570,1773,66235,525269,33984.67828189056,996.2562431851748
571,4,90,445,44.04652391957823,253.78741383475182
572,1215,30671,227264,5196.329236766462,704.184019084069
573,2,28,270,9.409268600609565,194.23816361839772
574,11,190,1464,104.9444905594119,201.4304672291451
575,21,468,2788,140.07024100781987,305.0523256086163
576,50,1017,7254,571.9917331746166,349.29122611405086
577,291,4490,45186,9491.794771067594,388.7980553470009
578,377,5627,44291,1452.1091458473827,404.8249199574327
579,2004,58133,482621,15727.628529317706,485.80224179577647
580,12,254,1708,127.5496846364861,426.6137288605489
581,85,1225,9542,209.91193055443506,323.9156705075327
582,1352,31305,250798,8760.179877744378,365.4461476943586
583,393,9240,66442,1282.9783623741262,525.7987311231497
584,1879,65527,497183,27536.752396702952,627.9202166808068
585,151,2770,21223,387.6102301149888,341.488240227262
586,435,14564,127138,3164.084586593273,555.1717580407809
587,47,629,4902,3312.4272795162456,329.31706750349105
588,384,7763,57083,2057.5021433087627,513.5887618944179
589,62,1827,10868,483.02660678223293,447.84932607418784
590,2348,86781,695216,32246.50114265824,810.126615420172
591,7,105,546,49.321615619362476,313.37622684682543
592,50,864,6154,2973.368219682242,453.483671857843
593,26,811,5322,336.33381435516867,417.391541597851
594,1496,34573,241336,5437.862211102388,634.1506430216477
595,77,1097,7971,707.1573519432337,217.18891757589566
596,1735,60567,502222,16244.226881908386,697.6508000037616
597,3206,89438,680021,28582.35491107759,726.2671952513488
598,1698,64589,514465,31755.72418362101,900.2743953821574
599,1698,48538,340347,18359.102614245254,828.972326454362
600,1864,26683,246534,6303.829657475422,298.5424117589572
601,194,7504,66662,2051.023845484789,598.4409693803118
602,1845,48858,414520,13807.849227602814,367.29869647076725
603,89,2025,14396,840.7755230534927,274.60301391539855
604,1891,70787,566733,31163.39269351323,922.7529168161332
605,166,4280,30733,1392.8405891359473,343.26725727814295
606,0,1,4,5.356234347123999,108.62443456565539
607,386,11533,95319,4345.75758319777,535.3593309340462
608,171,5096,39724,1700.7105463515716,497.30991429812144
609,775,18415,160343,5883.4222250038665,324.50641503395013
610,2293,84928,690568,32738.327218751983,841.4057986650985
611,89,2849,19190,865.4035459551579,377.24772349620025
612,600,13390,102726,2955.2184946045504,520.4557249649226
613,2804,93361,758326,29099.77944335027,714.3746265316862
614,95,2641,18200,1463.1609383395971,473.6163030220505
615,35,705,4211,604.9471227123613,192.79019627506693
616,684,23089,162762,4796.877917498772,628.3243064183486
617,373,12943,112495,2798.611545993429,585.4857181728753
618,2437,83405,649631,25039.434155377123,655.2556871159609
619,23,771,6757,401.6052877243449,284.3344435798871
620,26,526,3451,226.4289672129267,376.78164844162706
621,962,24327,209531,6899.728145575351,335.72323302322076
622,351,11804,97637,7068.773688287765,431.6897953225911
623,567,7655,71272,3021.4571227602005,354.7750542071158
624,3202,111463,871569,32935.56122537661,725.6152842291044
625,44,1044,8546,702.7248323794622,447.43437098212917
626,137,2414,13070,1029.7477328580694,240.2822338455319
627,2259,81910,671563,29282.745458006306,726.9511918693067
628,181,6050,50598,2055.194085784432,531.8444538756736
629,223,6688,52791,1616.9385493889322,535.6531014265479
630,147,3933,29002,1092.8258958809713,447.9170344860646
631,0,1,9,3.092436448614973,162.25848318677436
632,180,5157,40881,1179.7190160867399,462.2521252103822
633,1950,69423,535231,30021.37632164496,970.7040819588167
634,195,5813,45468,1734.9511042835459,530.7116064784368
635,741,18486,136304,4330.715867400001,625.4115545248605
636,847,25527,183692,6650.4185910580145,572.911859613292
637,736,16277,124067,3070.503345152228,463.81873211890445
638,2115,48549,338338,9092.959808070607,690.6917177174412
639,631,18084,138430,3867.7667382868044,628.911414124511
640,2152,81867,679076,28954.37181931744,721.984606009698
641,2306,40447,322149,6243.64968032114,386.3803436619623
642,292,7654,55514,2407.107288428833,436.3225053039633
643,192,6191,51271,1623.3250494704607,498.3996526025794
644,1894,69383,565766,29085.30162797038,824.4353014581121
645,87,2759,25779,924.6557102125853,427.64895601033703
646,777,27823,226174,11227.808106370861,651.5499048178285
647,3096,108149,871980,31269.773163043745,671.3109885892611
648,39,854,5788,338.90415114362787,371.8470022340192
649,4,59,339,87.09802588086899,138.94025778327037
650,230,7218,69116,2512.49109675566,394.7968637920741
651,32,444,4665,137.87037367994216,288.77648027986936
652,321,8365,70403,2313.355565466104,397.6515251127765
653,140,5217,45855,1536.8122341976784,581.1313247223438
654,1321,43010,335080,23154.17080482154,540.5758573682621
655,1195,41388,357454,14221.152170507288,733.328843559323
656,5,106,727,69.7498918041702,338.95525840548686
657,60,1464,12959,955.3784475144363,446.5315659296368
658,6,119,643,56.48839651167345,194.88162423423813
659,1945,73067,589310,33503.76302318457,931.1108589403451
660,4,115,677,90.67322010002047,207.92317058489243
661,1636,61696,499982,32570.46848970975,985.7088992146734
662,25,568,6259,110.23597471320419,318.5005625858505
663,3099,42305,356309,10560.045099899726,288.22164612720246
664,569,17478,147908,5153.603944639931,571.197756707131
665,219,5590,38222,887.4751656542708,404.1176084061472
666,1595,30047,271662,24814.555914313358,212.43377744084907
667,2947,104145,794583,34294.377636973484,673.9484261657603
668,316,9891,77163,2652.9940985492917,485.3886223647175
669,0,2,16,60.64880133891162,68.11581249052897
670,75,1850,16084,750.3416327819896,271.0160324760248
671,486,19950,168952,26837.647018168464,780.6815931410692
672,1790,63976,487238,25204.289786845085,919.8351976862184
673,5,61,416,111.35394007655188,359.8841071505949
674,2,22,95,7.926571135583197,181.50866126038903
675,422,13917,121043,11200.072074189273,630.6356026019586
676,6,67,320,22.950255233943242,256.0979867404629
677,565,16197,124954,3451.555774041304,628.2131307001986
678,1417,43151,340317,17296.425719775852,687.233140558953
679,1171,39589,320156,12107.650125816292,666.231837852112
680,727,21090,166720,3970.33104452425,513.6612371894635
681,1938,72361,567543,32005.623866482634,849.9616211130299
682,1127,37567,288343,22818.164839546534,510.6305012949176
683,1210,25892,179949,3491.1730568879125,605.1854774647185
684,129,4159,37887,1330.7918722247498,467.5926557681975
685,1724,49477,393431,20125.264950960092,596.882035918125
686,5,72,514,112.19651221256464,137.76552266360886
687,616,11161,82732,2094.07698669148,367.29526299576713
688,56,1875,13799,696.6530674148877,444.8146090782491
689,179,3720,28640,3693.206774046088,511.4713980986504
690,2244,83732,670072,29922.49703906852,792.0455113194402
691,2373,85792,758317,23991.83831859511,656.4182789090312
692,67,1171,8543,1082.8855117705016,145.34736086414875
693,2529,90230,713857,31280.106966050407,712.2839385870836
694,1409,32209,245403,12121.760750226405,283.30381001928555
695,526,15691,143409,6533.576457379574,535.2477086259527
696,36,437,4405,141.4734350709073,220.0915849206721
697,384,13351,115688,2244.4154608899307,580.6573140977874
698,2176,81385,639035,33319.95771488332,804.0824283287335
699,41,873,7559,336.96328458907703,270.5700658802755
700,226,6521,54560,1698.4024888272409,561.1221027001658
701,80,1329,8408,233.9367111486047,241.7633747488279
702,151,4174,34211,1449.984683807942,550.8038126435004
703,4,76,561,81.17461262506714,135.68194927216314
704,279,6459,52283,3371.717966040592,306.32842652689493
705,26,684,4664,420.86314269297924,263.4520130391223
706,0,0,1,6.015210998246829,62.391550983140505
707,1,8,38,5.673428332179391,146.42808058686222
708,1768,56888,435085,25642.309271902872,755.0964667719915
709,1287,34072,285520,6907.5440676463795,446.3498976948901
710,477,7381,59040,1408.941257462635,336.53407865959775
711,509,7475,60755,5485.360985836058,181.51819383601892
712,497,7522,56913,2848.090529171269,295.9790347240588
713,658,22398,190598,7676.868162169669,562.7011824126866
714,383,9137,71751,2622.517248057561,574.3629984725504
715,610,16281,126335,7821.010288753083,430.18777351872296
716,37,1099,7770,371.45628631277503,355.6810529771236
717,20,270,2040,186.50350623096736,319.8765405904779
718,14,141,1217,56.995742963222,231.71163705358785
719,1,11,145,17.63991975804173,144.61113206966712
720,189,6541,65098,1503.0700068675483,508.55533971390196
721,184,5434,46742,1641.002671872721,442.93516541279087
722,6,66,267,16.02608266095112,285.9634811108739
723,25,263,2689,154.67591752897513,209.58751648605258
724,396,12807,110291,2602.177491124397,519.0926914120328
725,941,34272,289908,8010.952931834936,709.7550527852565
726,48,921,5740,134.20092285024452,349.22783572987083
727,1601,52699,456246,14095.726947910243,554.0841735986734
728,9,113,1703,172.29452709680643,122.39114302686568
729,1,46,505,108.91802141095853,299.61639056792933
730,166,4131,38450,1062.5457548373372,395.4977740382883
731,1418,33981,238109,6113.178860380423,611.0996094052115
732,24,621,4055,343.7341877170941,363.7701787607911
733,594,20713,198008,4523.0583657486295,498.35305877617856
734,103,2143,11399,519.9292992451115,379.308799726867
735,24,390,3716,157.8560536065331,243.22843727559749
736,1432,53317,415705,32841.560337112955,1140.3074867772452
737,1089,33197,295396,9097.68083482492,462.6834645045679
738,1996,73527,577542,33519.289955620974,914.8505069306212
739,349,4660,47595,2658.213455905449,369.0768564253784
740,11,102,780,51.147734995857085,221.92375062282383
741,394,7547,56106,1292.669581183674,496.96787977384497
742,536,20370,158908,4060.3977438259735,637.4887499153681
743,393,7541,66123,2100.712652073931,489.5949446753953
744,857,12278,105491,2278.406853520983,319.0032622712989
745,350,8533,63215,2047.8240384624212,534.5548428089987
746,912,21558,152901,2858.1489389505964,610.0155759330798
747,435,12768,94390,3547.327047337822,571.1862273433462
748,189,5381,38016,1479.6878104704936,492.33750053188066
749,17,309,3126,317.5808469699817,132.74672972402178
750,69,1914,12853,632.0307352244295,387.3454469553668
751,6,78,407,36.6395935760496,266.9665272972627
752,2078,30814,256687,6434.864377834016,320.79532539590423
753,185,2666,18382,693.2565509444238,384.52900534589105
754,2118,76950,605743,30526.15899338665,876.5593268812661
755,747,21878,161364,5304.401407550607,573.0952691738178
756,261,4325,32308,1408.9805993522543,389.6218227611679
757,124,3233,29789,10594.54793709583,419.71115376249554
758,35,940,8983,681.768719175596,418.97976000743154
759,0,3,55,45.390705148236734,128.6770172035076
760,137,3872,33750,992.8974962480168,394.6249675362085
761,0,2,12,7.252021653152738,133.88231914602719
762,2357,62763,533222,14736.52764602897,433.4842287977115
763,38,912,8871,450.3990663246488,250.0699763896388
764,15,411,3442,498.0158667271761,183.10001013088367
765,269,6020,45621,2020.7437044411547,299.11345451283324
766,213,8053,74622,2126.350450142491,559.9658823325627
767,4832,75891,606513,12973.38152085161,387.6143297863729
768,28,354,2635,126.4776181443609,265.06628816084174
769,2062,70707,570527,17465.110628500093,593.0034904566116
770,0,2,17,14.77943653364039,97.11097405510587
771,2546,91873,711641,32463.668373356628,777.3295270917689
772,57,1786,15921,661.1535690150967,393.8610121185185
773,3345,48983,418985,10169.301452201102,327.148193132023
774,93,2770,27338,1060.9065094365342,363.2728132709631
775,11,120,828,184.19053097043425,210.14169019598918
776,1482,24581,182133,7258.073747172503,442.8285468450472
777,273,7039,69752,1694.9010606511256,401.20695539719867
778,948,23250,177736,7427.538936707523,351.880752281677
779,107,2621,16510,6278.102520532519,351.5637757987261
780,1782,62765,499739,30895.658020690866,952.9951805566849
781,102,2989,26430,1033.222933107772,420.50496314045637
782,74,1197,7153,199.52157358144487,355.207042556039
783,0,13,440,36.04372787285769,132.99653810172592
784,487,13075,107373,3792.4532475923083,427.0047767745371
785,273,6824,54547,1280.0146066894742,506.62802424931556
786,486,9951,71190,2047.3650497501965,517.4742931311006
787,124,2508,13876,612.0024349174176,394.6287896689794
788,535,12318,93135,4143.536992063903,290.4396667861131
789,1523,57102,459004,32768.54178997959,941.748154362509
790,1785,64843,516085,21698.625800614074,817.3077397838908
791,464,15145,125646,4381.11282800229,585.1313018195679
792,1594,56869,456170,31679.13863849549,1032.9624864686757
793,681,19788,154041,6293.508968431966,532.8686286988714
794,2767,96283,773514,30283.28839480367,683.0013427042326
795,1612,61033,499567,28834.35282805224,918.4870760332986
796,659,17271,127958,3651.0191544110203,541.6870423181607
797,148,4127,30354,1489.7986761026468,565.0603098301757
798,1752,64313,528460,26663.467358860733,853.2660336574395
799,783,14849,128190,3801.0920708545405,327.7695617010068
800,2011,70826,594511,27989.236583177422,662.8126585959541
801,6,77,347,31.83988304249824,272.37961560305774
802,29,273,1376,66.77302215631185,327.20063581481696
803,313,9342,67683,2127.242199640528,564.3573836208102
804,6,104,781,35.17656705583287,398.6611708037731
805,1894,64488,504882,26763.644923794607,596.5497026708832
806,3015,103016,800905,31626.263138847185,730.2415082346254
807,18,252,1592,412.0800658354765,117.55313794587165
808,564,19091,174560,21413.37087294793,891.9242394039184
809,200,3333,28583,678.3689242143304,398.09802307091365
810,140,2505,19517,686.3192644082252,419.80734908977274
811,22,395,2212,72.6939765440125,413.996194444849
812,58,831,6770,437.09495065173115,223.74378918555186
813,2063,41906,306610,7848.929916419561,373.7940013753321
814,2487,53244,411867,11931.818107144552,381.5237598178771
815,190,2872,20529,427.84304960959867,368.0576186578703
816,2706,93793,758741,31291.38497440793,655.1381995699224
817,17,330,3019,774.6155786770812,422.4770312425021
818,343,11415,88502,2719.8753109020568,577.2101050090481
819,1067,34461,261257,6935.588277963318,615.9431637083196
820,1427,47736,373179,19435.32623270689,623.3905124414805
821,3,71,475,60.999599854683474,276.3148380135232
822,297,8957,69438,2964.0966476953,624.9034337869067
823,2802,97748,780318,31237.670181114416,822.829293927635
824,47,531,5248,690.4895047078682,153.31690787929637
825,3557,56761,450642,24936.253492868975,262.71174853106197
826,198,4314,34605,2095.1916735640266,261.8562405574791
827,12,171,974,143.4536435150774,184.34070859738512
828,779,22301,162236,5039.86326325981,554.2388268659889
829,1846,68628,556862,22818.13861162012,814.4439277406692
830,28,633,5415,614.2449226257163,190.97754726194756
831,1018,29743,261109,9817.899694121752,370.6529468304977
832,1433,51297,395801,19882.892682978953,815.6627559803406
833,0,7,38,11.472258937520216,183.18458573009408
834,368,12064,107140,5080.3755740952565,524.8569067823443
835,3,104,1032,74.42501968726053,251.12420990791972
836,0,1,10,5.559500776823579,112.35494236207934
837,497,12719,113698,3820.4646730012314,461.5402685329937
838,1081,31023,268497,8588.12468047609,391.90872529679757
839,2870,83111,619355,21285.745783023005,686.9162397809705
840,796,28345,216505,6640.320839389068,637.076085820286
841,988,27816,249452,9400.92812001028,368.251799486183
842,2632,75404,530572,20627.89693273593,690.0735667936905
843,1635,49934,365575,13927.881332831217,702.4672609830662
844,14,221,1621,195.38247894441713,300.20933061087567
845,345,7782,64456,3626.8370062583735,532.29764271342
846,542,16973,150510,4291.570687228825,631.375482267055
847,481,10100,83344,4323.699897084564,266.1137569198355
848,0,10,60,24.723918757612154,167.01241001269952
849,163,5658,54332,2678.661403035066,466.68034354104856
850,4417,77606,586660,11114.503464267353,475.8541173828469
851,108,3166,23877,1060.2835961842288,559.9522744765746
852,1015,29393,249622,8259.960865198524,393.51114741288933
853,353,8129,58814,1977.533195675986,419.95658086819395
854,266,4781,34466,658.1734208764367,434.70093537144675
855,424,14175,126363,3020.447347593306,614.5799163352228
856,1,28,193,37.65018836564469,231.69805262515465
857,5,64,1165,44.70222207989945,150.73229002924
858,2909,100117,773722,29791.80328175329,640.7873162629295
859,71,1728,11531,676.6411595618839,328.6166262563373
860,223,6277,44036,1485.5890939133844,550.0943128462321
861,337,11421,92849,2615.55373359495,523.1067977907161
862,29,473,2456,99.35220487457227,369.7082116925351
863,349,11999,110740,3544.5075452484407,631.8851031500283
864,773,25459,232524,11583.76040968284,617.758542597585
865,431,14416,106592,2948.7008548909575,590.5161426414504
866,714,16157,113613,3716.811907817652,410.7818723509562
867,887,29095,276607,8007.12365457866,482.7311238338812
868,164,3968,28464,582.617321862622,451.7781744331261
869,90,2978,23258,1426.3533221099651,411.9890413946924
870,93,3034,31590,665.4549489468038,478.008199527201
871,166,3714,20562,1573.5837870284927,437.14671484075814
872,205,6286,57967,1386.6966973737374,538.077777684385
873,451,6092,48051,1609.948806999908,348.11394301358285
874,1493,32578,286767,24864.074239380818,233.20176748361854
875,250,7053,62187,2904.16583584194,383.71122793280836
876,721,9376,90494,24578.71440000902,122.84356141993412
877,412,7813,61410,1018.9942830288014,501.184988781502
878,116,3892,34625,3021.4177808705813,566.4267152964867
879,285,9635,74275,2143.2018928627467,569.6643427345263
880,886,23666,175967,25458.18922848467,611.3335735386008
881,1156,34742,263671,17571.609123699465,441.8593318505609
882,891,24346,218921,7608.354261397704,360.309251195679
883,2527,44717,370114,8327.104356815416,384.5275410558712
884,77,906,10144,291.86764361298486,236.06929935517812
885,65,1757,14636,687.3159256119135,418.2298737351103
886,111,3475,30078,620.3298015534972,430.8472810732178
887,422,15540,146313,3781.3981766092925,571.0989953368334
888,3656,89445,637382,24190.541089098853,608.3298322665036
889,495,18158,164144,15672.93018878371,659.9290829383112
890,867,22170,168498,8897.778136687788,474.3521120716552
891,377,9793,82407,4282.364685057914,295.2836064500087
892,295,9015,78764,10421.57476240309,429.8221948859748
893,152,2275,19149,3750.698388743053,136.513479726485
894,793,18248,143426,8850.14166534045,261.90964914581866
895,2,24,292,16.152304556812954,193.11796060064412
896,1,15,130,15.690856976486891,200.66232049675392
897,849,19772,172713,4421.608746383729,358.64009986039395
898,83,2406,25047,995.2711235883795,412.5362811869033
899,110,2861,19382,739.3521316150058,400.7243059228843
900,11,121,1300,41.481104867321434,312.24508518632194
901,5,148,1041,192.8432878185732,413.29836691962055
902,13,375,2017,126.66367249735205,427.28966553302763
903,188,6175,54407,1386.2377086615127,431.195024005708
904,1,11,51,15.756426792519013,171.09314358118775
905,277,9171,75259,7104.319085558779,469.10108651763016
906,20,198,1669,36.866629064060824,258.2797342104513
907,1049,17589,152511,24687.82257388647,163.23819394480483
908,2,35,385,27.704066896272117,135.84812833395407
909,854,19123,139262,2525.7624275205617,569.1790109149794
910,1211,25149,190399,7209.0603096884915,384.80688103492895
911,664,15487,130261,7474.539380839348,288.2556742704397
912,0,1,3,0.7179894855517404,91.55153493268013
913,2101,78275,617642,31066.873924313943,798.4830840646891
914,3582,62722,499872,13898.178206168664,358.1945974775302
915,205,2339,17673,737.2997963732004,344.1564580348348
916,79,951,7875,528.2828938076038,200.76957937776496
917,40,458,2549,87.30948853757259,390.9178172284854
918,28,596,4506,338.6033496125805,449.69422371117884
919,43,702,5775,177.22209877162044,333.1723075454446
920,1,22,162,13.122159433428497,191.68492355981428
921,2341,55383,368631,12931.469294443878,606.654199904935
922,268,7986,59496,1780.1287075296784,541.4517237829618
923,9,161,1194,159.07565218473056,179.72982074614762
924,1942,62160,508725,16437.251306343747,543.5687943468632
925,0,3,23,6.581570284224286,182.65466194414253
926,951,28592,230228,17207.525343576803,514.8652688457684
927,433,11710,91016,2238.9207103064387,490.25864887631303
928,84,1310,7895,454.11031791206693,237.50285400152876
929,255,8723,82453,3000.343641997857,572.2366850201635
930,1012,30427,262234,9145.048469926525,455.985612971191
931,4,37,163,19.6053749936046,191.13784857331393
932,61,669,5083,96.1515782295043,282.5495574271365
933,522,18898,168574,4228.072877383317,631.478832724719
934,1878,70362,559796,33703.51491074482,915.3755549220281
935,996,23164,158945,3447.7920666010605,634.8997464390801
936,1545,56147,450162,31292.434091464445,906.0897729480685
937,10,345,3156,8043.461627000961,370.36287371322504
938,619,14051,103213,2530.260516900365,468.8984902105509
939,52,1754,11418,535.997182663783,527.4493225679649
940,1148,40590,342967,8280.103912683591,673.8709788940454
941,991,20641,155851,4152.720044799202,557.501900425279
942,542,6385,63235,6009.971969945863,164.37797806613227
943,79,1946,15048,1536.9040319401236,431.78295667826774
944,2287,83591,659506,30385.157660991175,827.6883631140428
945,0,0,1,0.7212679763533465,80.36199916983949
946,3,41,246,32.861952549898945,189.33174554629565
947,70,1459,12711,855.240224470179,243.29236972892778
948,0,0,13,3.40143420666635,105.66112832311516
949,1950,72707,585651,33494.530793087244,950.3260242217651
950,790,24853,229737,5594.7314389776375,531.2937241520059
951,4,52,383,37.4444630678439,247.59322929404692
952,625,21766,193581,12922.197722456936,634.1461141576711
953,1267,31258,246351,7472.336235020669,383.0169028929376
954,1759,59872,530641,15799.965150364344,636.6459039635839
955,69,999,12926,505.32690121475775,391.7252229612786
956,387,12728,103333,2359.585564259552,566.7423817132393
957,365,10503,72896,3865.563592468125,548.8634331005038
958,140,4509,31812,1855.5208820034127,538.2328775192067
959,1267,48714,394239,25588.54202275653,997.1000619714323
960,524,17636,134268,4948.816295208407,491.8281269506567
961,230,7207,60413,17351.69451770933,605.5863899598828
962,303,6169,43485,526.9559246556537,465.1874345808862
963,369,8202,60756,1132.5021915620086,344.0607776113188
964,0,20,195,16.56293552971412,227.83782930870038
965,614,14705,112420,5445.297828240431,277.6194626404144
966,2499,45590,372083,8887.490232552347,389.3958935280343
967,84,1841,10163,330.6636645137909,260.0530053102154
968,2407,88407,695440,31086.80714838771,757.8163056239619
969,14,162,1609,29.27364436754105,322.5768289959655
970,0,0,3,3.913698394417306,78.72966529631823
971,2257,84156,673338,31239.348768404838,786.0735229848549
972,414,8567,74046,8482.635960443611,187.41408679105143
973,93,1938,11239,911.3942149200885,305.5107717028736
974,71,1937,14016,509.43812867997184,427.71085375540827
975,61,1712,10760,1199.37684693317,375.7405708037047
976,1493,55742,445054,14708.778499884174,687.8502288754065
977,768,15863,120850,2168.2495625870174,531.1148096492582
978,28,509,2756,132.55594009053866,331.6762644868269
979,106,1545,14680,364.0009982299227,334.67564855889043
980,761,27895,243126,6980.2478796627975,607.172060064274
981,84,904,5711,238.76264960856892,319.6984351269893
982,13,181,929,79.98206159598291,229.3265490942014
983,56,1256,7591,201.04525218149132,370.2758277569941
984,165,2376,20851,852.027303484605,401.16176907164595
985,103,2006,16086,493.596461126611,363.05649923741487
986,188,6492,53815,1302.0854067658868,544.9691684134053
987,21,461,2731,293.3986988173349,350.9296811321547
988,9,195,1201,31.25631167981235,266.5357955029404
989,1,17,92,9.885469389542854,236.18180209315804
990,114,2484,19562,563.6774805017435,424.4009754293619
991,0,0,5,1.9662748582632705,106.49624787841122
992,443,8161,57012,1631.5343904376825,494.58849870575193
993,125,1748,9617,387.59629652908194,348.0037566839487
994,1547,57381,455506,32163.411071782335,1007.3579948923995
995,1024,35319,289993,29060.962112259254,1107.9209662211974
996,250,7853,57627,2016.2980709141768,588.9378284499164
997,599,8336,78147,24560.249939814374,115.40682825354102
998,481,11383,91672,5093.266599927172,389.75278186531506
999,75,849,8197,384.4784517767545,298.028545277549
1000,375,12457,96365,2539.9123938202933,621.3196452971082
1001,1845,33430,264841,6909.573453452574,400.71867610587236
1002,0,0,3,0.9310913876561382,88.10678345000326
1003,93,1987,12513,478.5744162736518,468.40663263923534
1004,1047,36230,311507,8475.174115379155,547.7290287970352
1005,165,5203,46420,1545.8739827733177,427.33864043953935
1006,0,1,5,2.2260952542905557,115.84460415943623
1007,327,9831,100897,3889.6539428783267,604.7753326421516
1008,225,6442,43911,2207.9586431760704,541.8608674989981
1009,46,611,3815,92.98127762435118,345.75690616536
1010,285,9230,77697,2062.7739565177453,531.995135234705
1011,82,1913,15226,435.5704524289843,399.285834983747
1012,41,1316,9541,475.57049907668016,469.0914476548395
1013,2,39,223,49.58717337429257,212.5814059374627
1014,486,18234,174598,4361.1271480757,539.0701264380491
1015,10,107,773,55.99006590982932,196.31502526078168
1016,324,5642,41840,4332.433796580043,201.0829803357068
1017,1990,74260,628723,28525.12557564475,734.2760344680747
1018,846,21209,171293,11253.377056132587,442.1266119444709
1019,132,3794,30514,987.950253628393,461.5936436092301
1020,227,6133,54342,3934.8053181980463,540.7230212326286
1021,581,20923,168728,2287.445652661011,497.2986744557296
1022,38,1559,12138,560.359647810518,326.9334587535883
1023,1613,50444,445413,14847.393090976082,528.3710373817814
1024,1,22,135,10.182992429788609,280.83080390331247
1025,0,2,12,6.879093324470042,148.59264476693895
1026,182,3740,27426,2708.020288163449,509.31215744749244
1027,143,4805,39898,1616.3221931182302,576.1792439775566
1028,32,665,5126,721.9892443296998,414.60231344889166
1029,796,16312,122762,5451.290909425767,306.5202080577984
1030,1492,50657,447123,9107.21468607599,471.31981772458636
1031,342,13974,124999,2813.4172104534823,580.6912024537218
1032,339,10913,88462,2127.1372879348764,579.5086653767867
1033,1098,22880,164112,2866.9221803356945,618.4481693150527
1034,120,2880,28550,8102.645762574256,313.8347789098574
1035,123,3295,28158,1038.3767206478967,462.6246876897006
1036,1434,47390,405747,12092.700207760969,566.3864672068312
1037,744,14635,126329,2499.8361222614603,458.2324714081565
1038,11,125,887,101.26274538920823,166.05467959770056
1039,74,1730,13315,853.5222952901373,292.2076207052137
1040,567,15025,123989,6199.744131506031,321.67067324164094
1041,2574,92566,732151,29496.345690712547,704.610431128347
1042,15,216,1043,194.00551280774258,171.4209107005029
1043,18,510,2689,123.29748206680297,368.6801269719423
1044,460,15631,120196,3419.754413265725,591.5483459837188
1045,35,723,4971,639.2663644235741,195.67618353506634
1046,144,3839,24039,900.1498110932799,430.13227760331273
1047,24,867,6837,325.5738075442974,450.91218388684547
1048,1833,48794,412802,8891.267053955798,474.11504832417154
1049,168,5592,44587,1330.5558208870343,574.1975286125862
1050,147,2775,16812,731.8378306977246,360.10244753350634
1051,359,12246,117993,3592.609562289606,558.1505985354063
1052,1204,24599,192188,6042.44214284497,398.1044366876742
1053,2808,96924,768046,31772.719879936536,665.7932751888986
1054,27,387,3491,460.8902368897884,170.69084775556732
1055,2277,83283,667886,31622.696140855038,843.5059824823867
1056,1445,24097,181738,5402.008635696024,338.75521109118023
1057,22,525,3236,306.5126620237594,318.64366882991783
1058,315,7807,53221,1342.1977417235375,482.5946290003744
1059,0,0,2,1.4712227472207464,101.5359631044805
1060,2536,38253,340600,9137.809562236578,308.5500976987642
1061,1782,65914,529040,33392.13696837148,1004.699699520412
1062,1036,27613,240379,9031.927423307907,321.5179222598739
1063,1616,59224,470401,30986.72138119628,973.5919682229254
1064,508,8118,62088,1515.0430552750138,369.95794744361643
1065,812,24848,191521,10738.908902940251,542.652746561449
1066,12,476,3464,216.17384798550276,330.63092718393534
1067,2503,91351,720615,29934.247150101473,709.2907502993954
1068,129,2253,18489,920.6067740726018,259.676280164157
1069,1739,59033,468682,29935.296267157988,1026.3878058873472
1070,180,5786,52991,1392.4406132581514,490.94762396621536
1071,45,952,7413,215.16735130940967,424.0641788301588
1072,0,0,2,1.0450189430119508,31.609143003156728
1073,96,2519,22565,1011.0209933992953,349.837982726146
1074,108,1380,13553,354.2081462055252,264.26242490902837
1075,1952,68470,585396,29391.906087736585,916.4547124222283
1076,196,5244,33317,1555.0537570178149,511.8334414081395
1077,1769,56532,477294,14586.29408353617,559.3057792362326
1078,225,4201,37311,626.440908407691,399.3802329492546
1079,448,14941,141176,6187.128498901451,626.9769089160815
1080,0,1,15,11.469800069419012,95.5272882887354
1081,2,23,122,7.606918282426601,227.63688486773046
1082,106,1308,8508,2793.4577584533045,251.93298439148901
1083,1004,19610,127214,2810.2960872103536,672.3215846084396
1084,1313,49651,431020,18919.61962961425,846.1130166441305
1085,775,14219,99323,2051.9155949828255,511.09400240400635
1086,166,4824,39273,1475.3733165755798,410.8704889416667
1087,2399,88766,701253,33085.7947878694,740.4966909028919
1088,457,7423,54313,1310.3996594387597,454.93198730412024
1089,202,4904,43393,1986.9096793685796,600.5332182087533
1090,63,1682,17966,879.3961446964129,490.703542714148
1091,0,2,17,6.565997452916657,185.21326038110382
1092,2338,84301,666192,32230.134916576622,780.2779958855442
1093,124,2916,23103,891.7626120000712,327.08973044329883
1094,833,10205,101806,6913.891225838289,185.8584815847888
1095,302,9234,82869,2549.197079770442,599.1381505758117
1096,612,14823,107901,2313.6178447302327,546.7868724700152
1097,36,961,7331,478.0006803833707,384.2977258789419
1098,52,631,5564,786.562399158134,175.74504452548072
1099,971,20310,142093,2878.934570632779,549.3167094192571
1100,1488,23790,171963,4140.078184268209,369.60191850553826
1101,182,5194,44456,2294.222293147931,425.7647208632956
1102,0,4,16,1.079443096428815,74.55035980958102
1103,2487,84642,669805,21823.26090692793,687.8147311711409
1104,1980,74359,600040,31001.723755104427,916.0449534218641
1105,623,14288,122798,7656.41693654925,237.10494596257885
1106,373,7166,53889,3246.4402755296187,235.13496248286637
1107,36,1313,9336,443.6068530064213,351.3002823901787
1108,1088,37309,306767,19991.659893813037,517.9027687142415
1109,1352,51602,409707,33024.52635176899,1077.49861296753
1110,2749,98572,799235,28748.16786185962,740.8298822751982
1111,348,8615,64618,3824.6873691537,303.7657716625716
1112,952,15919,124443,2764.29968088652,278.8029489377076
1113,175,4050,27638,1772.5881786859843,390.4453699588916
1114,38,411,3700,352.6738125103736,169.2350565239002
1115,1135,38582,320736,10457.756186889615,812.0825010566584
1116,2180,79153,624466,31302.925262029585,1025.1137593000662
1117,2120,76459,640960,23223.30761884581,750.8109572713843
1118,28,660,4572,340.0196576388743,352.1340340328937
1119,96,2413,17064,1059.2541500725247,404.6503902096649
1120,3,72,540,69.60399896349874,270.638097204322
1121,2,21,104,28.79908282400856,182.53234615245736
1122,369,8864,65861,2219.36779116566,451.4871795946721
1123,335,7771,64674,3509.8670114386705,667.151131575459
1124,451,14354,110009,2376.302588856942,584.5892381637809
1125,723,23796,195805,13501.821782217692,545.8878784033042
1126,1441,55583,448433,32247.760083126057,1008.2659944864565
1127,1,15,70,14.367985938038823,193.6280978470333
1128,2,26,122,13.74589230843406,246.76037654942144
1129,507,16486,140741,3003.1369161608254,705.4799704548561
1130,0,0,1,1.631049173799045,100.14495752327514
1131,1147,30465,249813,9119.24019033628,464.8281039026851
1132,0,0,2,2.753932273349141,133.0087731834755
1133,350,8382,65913,2080.530262699244,503.0954481854436
1134,192,2706,20826,459.1329658201275,374.72120430050325
1135,46,780,6636,137.4113849677173,342.22312454399406
1136,2,18,110,34.08237075079683,148.60608388090148
1137,0,1,10,1.3032000936384327,121.3761553567463
1138,917,31350,274548,6442.667185941838,685.7335484470253
1139,233,7903,69420,2077.933697984372,520.3065170739244
1140,151,1616,16232,780.2414688926374,194.50282945378328
1141,2033,73907,576181,31688.790515415418,970.2276810190988
1142,509,16665,179128,14291.22991139162,558.7666136050677
1143,2018,74482,592734,33353.949107514374,864.9082343082047
1144,723,11170,108818,24617.321907688733,136.21172994781452
1145,135,2898,17879,907.7083716363829,371.66720612770814
1146,568,14428,103733,6407.0496618731895,574.281516119885
1147,647,22308,208524,6600.310137646267,627.7034179348731
1148,1780,64198,500643,31852.6625996429,969.4044349101057
1149,4,56,258,29.63263911031692,253.52232280880597
1150,259,5265,39143,1421.9109670737887,404.6571947536094
1151,827,27854,259196,7723.652225908588,633.8346873170246
1152,213,6461,55718,1534.75334197427,436.0263417329976
1153,267,7929,68376,2798.8738252575577,549.5199010495461
1154,330,11150,91886,2750.414452719018,609.9457474229603
1155,62,1466,12229,801.1057843540586,240.99972106730647
1156,19,439,3159,162.65248564928285,303.6548565327964
1157,99,3250,25134,2476.7293190917403,407.0442614381031
1158,683,17607,161625,6287.14869627685,308.6959084260095
1159,540,13080,95240,1437.5788746146645,608.9643501420809
1160,114,3769,34794,1701.5629539599893,488.7642913239056
1161,20,918,6563,372.96439208151384,392.30425848090545
1162,165,3362,23262,820.3341329054786,273.69671603455515
1163,1930,69430,526077,26053.484474277102,629.7503943596191
1164,0,6,69,3.3981557158647435,174.99327906292325
1165,89,2589,18498,791.6375029190202,464.52821264379656
1166,527,13128,116746,4477.211950378969,312.37888141149676
1167,1411,47158,387068,11353.807064858187,642.423271956714
1168,111,3167,24000,1112.1263712300265,544.4408284551895
1169,64,1196,8500,850.7814769799946,224.7828396664664
1170,2,17,163,107.91808171646866,86.00070999790343
1171,346,10562,79283,2399.8290388492674,539.1318199186927
1172,580,11917,78775,2048.643661162823,576.2880723660863
1173,267,8455,81618,2403.841911590433,437.19196200867503
1174,119,3641,30103,1185.187538743819,493.9007592631985
1175,0,2,28,7.054492582355969,112.63396405615975
1176,484,12430,90085,1633.5408268082654,604.7047413638915
1177,6,57,299,67.3385618195889,165.65309618846626
1178,5,99,687,112.0063597460715,220.22604743114027
1179,1228,18048,165070,8047.9736499666715,382.9128586130079
1180,241,7454,64738,3511.919346680476,611.4731032535253
1181,181,6577,56335,1567.0661473148998,533.5073393627582
1182,984,32772,317947,7914.224339224349,531.9238399311922
1183,388,11264,94917,2581.798392301613,547.526456520864
1184,1,44,463,101.14471972035041,156.8250339528793
1185,1,34,234,96.420414475236,107.0294986929969
1186,0,4,20,5.08329998789029,189.25123193184484
1187,3087,107182,837556,31550.884078336658,756.6077654547311
1188,90,3213,32437,3261.6655868122775,579.9201687086177
1189,58,1341,8238,904.1290793037294,248.22113393190824
1190,29,430,2953,147.86977062484084,278.9691085881335
1191,0,5,70,5.861121930571342,170.27309733707304
1192,127,1867,11193,508.470973893498,455.3946703909894
1193,315,6216,46985,3042.0296525402787,235.66126932901497
1194,912,28053,209088,13125.398582340484,753.5898882682791
1195,1177,38114,297145,3961.3192929333354,441.7909337520666
1196,96,2075,16698,396.8678685160241,383.07470799526357
1197,204,2882,21364,1051.0316951420964,244.56847929861198
1198,57,1975,14914,450.7793712576351,456.79502018719137
1199,0,3,61,8.331464749581553,80.62381942669793
1200,382,13663,127296,4608.456494148865,616.9590160866767
1201,341,5851,45440,1966.4650107297637,289.4557916044085
1202,359,11457,97783,2785.8910016831974,614.6487191235472
1203,34,367,3886,127.7562295569873,212.36160269503299
1204,368,9270,75936,1468.396688149762,503.0031237955154
1205,2,17,170,47.27255886835865,111.39389280889705
1206,2764,95667,741270,30907.19830831252,687.0696348459309
1207,3,74,589,45.93165613050174,215.99760358831105
1208,857,11047,107372,3564.663706696715,257.1932778559769
1209,29,651,4936,896.3393851591132,263.8699903902735
1210,296,8392,66134,1521.0361364603498,571.2906839227018
1211,674,14204,93483,1766.4508439053775,623.1040610961647
1212,236,3037,29371,652.2983653599586,201.3914298420687
1213,3,73,595,109.488478810438,179.24585953077118
1214,55,1594,12481,923.0525282105999,302.7976114213564
1215,137,3467,35128,1231.8076779426578,329.1942870330938
1216,92,2100,14315,275.21454958622655,362.54344969673883
1217,168,2275,14007,702.2265017776181,284.9557611226238
1218,392,8068,54276,1076.0793648663673,582.1938365283439
1219,591,17928,154925,11901.23634494717,439.5802447284097
1220,1856,61163,509131,14233.371105724875,676.3393756962433
1221,486,15873,139422,4689.658154323046,536.321877497201
1222,1,13,57,4.305478045209237,225.08949326690123
1223,214,4069,30989,931.4716925891245,324.2896821328569
1224,8,81,352,33.05948162069571,203.66996347293667
1225,341,7968,62900,26197.27908083555,546.9501212477326
1226,28,344,2597,154.56444884172055,239.80999759702058
1227,93,2814,22831,2846.2939162119887,410.1597234265336
1228,41,447,3256,117.4175088141224,288.70401244217067
1229,98,1243,7028,218.0786511412359,310.19232896268346
1230,214,5947,51626,1076.387543001718,495.8994480772394
1231,38,1051,8026,640.1056580687854,335.0482699266695
1232,23,273,2318,93.44682331817924,279.46574146665927
1233,2324,50078,416159,24958.91442128968,271.186088946356
1234,46,873,4707,268.01662303130036,304.21001822032633
1235,7,79,981,73.48081433639797,168.9340322810823
1236,236,7548,67158,2765.2627375594916,462.2907842388868
1237,558,18718,155088,3872.395967298672,636.3040931504897
1238,2445,90424,715897,32005.204219660027,752.4945842615637
1239,49,1636,15385,98.79404181559883,283.46441846936744
1240,70,2125,16855,1017.4861772600626,479.90773626437664
1241,0,12,83,12.374663530662302,230.6325988489341
1242,15,266,2051,108.02627191292166,279.9988258073237
1243,333,11233,93982,3405.4864212971347,628.0460062012183
1244,1821,68349,566698,32155.227958741525,964.274797506813
1245,137,4670,43570,1374.3597364872937,541.5948779183193
1246,69,2203,17762,973.8396292182804,493.9013647686514
1247,2024,76614,613205,33633.8535381923,911.1582462108872
1248,9,116,965,28.200758252715445,265.24119022218525
1249,2,18,139,15.528571681807389,156.41453452745773
1250,21,257,1210,116.57985441431202,238.1597206608029
1251,210,6562,56329,1546.5034530072262,548.0515609690913
1252,3,81,767,100.5513128852597,146.6150961575434
1253,280,8187,61914,2471.260796434661,396.8055988116993
1254,887,14446,100063,1983.985265573547,478.29455987062835
1255,2531,90876,711357,29694.418990982384,795.3082099825796
1256,7,151,880,59.34724049067399,329.84223728519515
1257,12,137,881,53.43284308457655,222.05403894601648
1258,1525,51684,441128,16840.84663798467,555.9291795281542
1259,2934,102766,788776,31276.27768879413,733.0844568915581
1260,2415,86979,691072,24547.844130621095,650.6544954068238
1261,1979,73994,586930,34310.3242162325,931.4246562401933
1262,165,4838,39374,2377.3517059134556,466.3036077022668
1263,181,4940,37534,1672.2761956292418,351.516640505503
1264,7,69,463,65.13049826470719,160.75432482997311
1265,549,16736,126207,4296.553993247266,626.7777487883544
1266,1058,22223,169488,3838.522600336478,644.4937369245357
1267,350,9470,72185,1106.7266968797812,519.1524067902318
1268,687,20339,183794,11377.26794503448,511.0880416307355
1269,72,1618,11471,88.70366675095559,349.1888991480342
1270,70,1293,8708,456.27412184112694,353.9923558151757
1271,12,181,1009,121.38858079756781,195.98897539947697
1272,229,3604,28268,554.6157319261041,369.68589919561896
1273,458,15447,145244,4635.576170059751,662.2146876159321
1274,7,64,305,35.403602543844094,216.36988374393653
1275,19,210,1905,241.50674640951326,157.19449467598923
1276,1662,59981,500438,28437.734124837138,917.3295956905193
1277,2,25,118,22.274066506111982,154.4705797745475
1278,379,8886,72369,1563.0008187209082,512.4883597049023
1279,907,17811,160253,24705.447740435906,170.18278180583246
1280,47,1346,11196,351.4083150609536,438.81900726520155
1281,3768,56163,442682,11197.488623437608,334.1092041131426
1282,21,500,4654,417.3420435720543,461.81397113227547
1283,127,1736,15248,391.03215488916516,282.06822861268705
1284,260,5541,50326,4446.092515690124,206.76417442129835
1285,1137,26476,200631,6377.739954106831,416.60402721174427
1286,666,17691,126005,2718.4196609861433,567.4036653710328
1287,591,18707,146075,8198.639973245283,642.6727429183849
1288,1128,39375,297449,7980.436739453586,699.9837257727627
1289,2178,29595,249115,10248.614701673558,251.31213230940992
1290,147,4135,31011,1815.4708383709924,515.4518646187435
1291,1,11,75,11.705851407134652,196.73627738693472
1292,1853,67390,533905,30236.392862377495,927.4472448629245
1293,1103,28925,212193,5640.525398494472,536.6551183334749
1294,0,0,5,7.2880850519704055,193.25914902600525
1295,7,97,1378,109.31144030715126,145.97798688436788
1296,2114,78866,632620,33756.60023380443,921.521701344651
1297,0,32,231,48.561825376090255,225.9922351539668
1298,2694,51958,412062,9645.319938325205,429.36224574093876
1299,473,15834,148381,6177.515963871142,624.8479390220014
1300,934,24081,200575,8439.35988186241,364.29749770903027
1301,274,5926,49426,970.629986723508,443.22771340057756
1302,44,490,3552,140.7193821865379,242.40277999235215
1303,216,6569,56766,1543.559368267384,582.2958632349404
1304,1099,22874,153517,2409.1399527258286,646.7537357636982
1305,884,32109,297101,6109.4282669033855,550.0444233021014
1306,315,8540,66236,1830.1847050886006,546.4336424550145
1307,19,407,2130,156.91840523727373,286.57514954556837
1308,1,10,89,13.422960964475857,137.63663563063153
1309,551,13395,94159,2134.2712839191713,606.3872060233975
1310,415,15094,136014,2787.01880251895,700.8507771834885
1311,168,5926,58267,1882.2405820365025,527.1846859734003
1312,492,11209,86265,1441.1589865700184,580.0392950758308
1313,200,3121,19618,639.2139085707485,366.49502338999866
1314,212,6355,55371,1593.9104299984506,383.1696108337866
1315,1033,20087,157082,3279.6972862211114,536.3244921886572
1316,83,2344,17622,721.3073182429657,378.2587336523477
1317,2360,86037,689702,32362.533489108682,738.9754814143357
1318,341,8348,73655,1676.1480932659385,442.3090920536943
1319,302,5761,58157,1377.4120114235889,390.7050816303221
1320,573,9922,75407,1266.2318313595222,448.7324474845907
1321,2097,54567,371883,12187.632187412275,673.2902268678566
1322,49,1399,8897,1125.056738951561,485.40086021130037
1323,2621,53893,403979,8625.78798280494,479.07007746489035
1324,3270,74586,535216,14164.076924142128,597.1165072015119
1325,25,467,2747,277.08820707934444,244.89196830485523
1326,453,16076,143806,3715.7103349083122,630.0088400468281
1327,2096,79123,651568,33224.69788615185,895.3419019488643
1328,2365,84144,645230,32275.03712659542,752.9046539213193
1329,2556,91582,722270,29034.524362435102,794.9393181752097
1330,1,6,42,57.54734904059223,67.5271038851566
1331,2,27,296,27.3721197026095,195.02404523109084
1332,349,9318,79647,2506.130824600544,460.538577756433
1333,115,3836,34302,1261.5108046052094,343.1391479579422
1334,22,423,3327,90.16259515767031,393.50037754410306
1335,2610,94316,760033,31909.524744105955,677.2987072597523
1336,19,315,2571,257.42709774211255,384.85988047057486
1337,850,16826,127644,4451.665950052854,344.1155117507233
1338,102,3603,29031,953.8178858928718,548.0523127319753
1339,430,13445,105524,3221.5237454374123,510.0055251231225
1340,207,5615,38899,1976.8774975156648,547.4014482176777
1341,70,2127,14404,618.0545289371826,407.59514820772074
1342,1128,24574,181660,3277.966243077863,576.2322321349865
1343,666,11394,106627,24617.321907688733,137.02387509818644
1344,422,12726,112502,3056.1304414779866,547.898584897844
1345,441,15754,142353,4477.421773790272,567.5402879722675
1346,12,316,1976,159.59365373138434,357.76050425753164
1347,899,30673,261572,8310.410281653638,550.4800083208651
1348,4,36,161,7.526595257787251,254.19131026044556
1349,1,17,117,14.872873521486165,151.83012864407297
1350,596,22555,183090,4100.752687102943,635.8238172220214
1351,179,5483,57157,2183.133910826309,629.4931617134233
1352,125,2018,19502,581.6042682049257,277.4958871401575
1353,1940,52187,425391,9437.961952105223,516.2147971949802
1354,275,8434,70349,2126.8618947075415,479.1285825424078
1355,744,21391,174720,5989.933834166446,569.6965093963677
1356,2381,87077,685192,32945.84257253044,789.4058391037643
1357,604,12201,92534,3494.4515476895185,344.9203865801496
1358,0,1,12,4.3817029563465795,152.3100782014428
1359,160,4907,43971,1499.975111550832,397.6249492777563
1360,599,10786,78530,1396.1912067351889,469.08113720718734
1361,39,536,3831,138.525252217563,270.9667553619847
1362,1592,47738,376823,11627.639730571536,588.7120159454978
1363,55,1708,12885,997.631636965536,269.17218371725556
1364,2773,81403,637237,25639.26683243898,621.5854488191263
1365,1245,40956,358794,13235.975520097054,515.2290421586522
1366,1568,26422,228212,24774.269819343222,197.23370763771015
1367,1,88,738,28.099125037865655,301.1132346668841
1368,1688,65874,554869,29560.761477982505,940.2793991129001
1369,684,15900,118459,2926.630054814545,458.6287940389455
1370,203,5801,42315,991.5598720009614,453.4786457797047
1371,208,6923,56821,1938.7683204377952,554.3848844097982
1372,438,9663,68753,3648.6717549970704,278.0316851811729
1373,1101,25879,204091,6528.498075127886,381.57432916475096
1374,1919,69514,542372,29947.990583541807,1010.8106722210973
1375,0,1,20,14.664689355584176,116.35176285289873
1376,0,2,8,3.927631980324132,131.26651859388838
1377,426,6709,49724,1180.2304606517905,384.66940992614553
1378,1,24,160,16.59572043773018,243.84381622620495
1379,151,2529,19291,464.4441209187294,356.0194303613839
1380,0,2,41,3.4538900594920476,133.95809798497285
1381,195,6270,62763,1832.361622980867,442.9915084010883
1382,49,1163,7956,618.0217440291665,240.75530080090084
1383,2368,80733,666872,23830.956217978695,679.4252155611026
1384,731,11060,84694,11794.973901085514,477.36727564526586
1385,240,4252,36694,1274.1788930626153,526.9083473011211
1386,1857,61413,523498,20057.544444962114,673.7839625909805
1387,26,621,3743,621.0346770758425,415.5729483197092
1388,2040,74420,574580,29566.02017722828,810.093199255224
1389,55,876,4982,330.4325309122776,237.98742680773486
1390,1991,48874,364720,9121.495792007787,597.5542248973812
1391,436,14780,133364,3180.608180233368,600.8276623958329
1392,351,8799,66474,1731.462790070637,582.3283071746533
1393,1272,36300,293491,13900.171528576042,366.841570232379
1394,1898,48946,344594,13399.677122802852,644.1856546010455
1395,689,12613,89614,1687.9113182621013,477.16045693064626
1396,618,10996,83681,2813.8630852025008,534.0453362724584
1397,4237,83066,643755,11410.669209321244,510.12767176253885
1398,735,11365,101169,4072.954363596125,310.12440148345564
1399,357,6446,49304,1577.2556967262915,396.98462326331463
1400,477,12182,90598,17351.687960727726,474.36600877464616
1401,447,10886,92447,3624.2273275802954,403.7435953233666
1402,1663,58988,487711,29489.22480869146,806.2399987567304
1403,2417,84328,677306,28779.58891770221,621.4203877320411
1404,1582,42244,308214,10528.938779174086,621.8633309604589
1405,203,7074,61930,1850.5506899481777,519.3502086255163
1406,835,29850,242367,7078.707515416632,585.2966281022618
1407,885,30323,268409,3950.187997039182,763.3398987241812
1408,4,41,551,29.1949605883025,129.65173613536788
1409,906,27507,244647,7995.281745803259,410.76844485954604
1410,209,4984,39545,1611.7355844867832,504.0290533599252
1411,84,1160,9157,256.1165210441705,323.01441278891684
1412,727,24469,247867,6655.1002759227085,585.6253372748387
1413,299,6172,42912,1148.9339874596585,437.21735733757555
1414,10,179,934,56.82935955504049,245.89321687708002
1415,273,7977,67129,2558.3899679781457,385.4437303830857
1416,24,249,1483,79.91075442104798,388.06288648792275
1417,734,15180,111576,3173.775805402821,566.2092488852905
1418,3029,103963,812522,30526.15899338665,682.1616268363431
1419,428,12512,104715,10912.705798446894,373.9655494073876
1420,62,799,5958,276.22842286662325,411.55051025087704
1421,20,534,3604,1004.9164435267047,455.83951203193055
1422,89,1994,16125,427.9479613152501,352.72419270424894
1423,1834,68690,534213,29413.675266659247,958.9973608596292
1424,90,1813,17255,687.7716358333367,366.4053365191626
1425,840,27453,214101,22738.058195300087,631.1902315444171
1426,226,8116,71961,1337.1980432510882,469.2767193680018
1427,394,10762,85192,1731.30542251216,519.7913265401289
1428,1214,40848,363438,10156.344856553154,674.5860990950747
1429,1258,43732,356426,30823.2689437914,1062.2250158696197
1430,6,82,894,27.23934082514445,248.70820597652738
1431,1075,26657,195656,4740.592787416798,544.9400137196548
1432,366,4445,36264,2421.3490524710096,164.541866520932
1433,12,250,2175,1322.7038354171875,365.999759532963
1434,40,1134,10051,543.1049507216651,266.3521674575529
1435,1571,43735,367398,12300.058193980953,499.8439196183355
1436,39,1018,6636,418.42722402738593,344.1712741927144
1437,22,316,1582,109.55077013566851,277.8861946182781
1438,431,15019,134148,24569.298574426808,793.1292049731805
1439,6,148,807,65.90422209388623,246.77011620769704
1440,526,18488,156984,6368.848687052875,688.1102399920071
1441,34,1814,15404,2582.7393191616743,536.7369128589424
1442,181,5822,48456,1586.4354709707886,553.5622218156184
1443,76,1718,14871,943.1168919164294,380.5185271537675
1444,5,119,819,20.1946837151933,278.61614562383187
1445,573,10782,79231,1308.5243627002412,511.8684918159007
1446,274,9475,87647,2885.088297867394,483.25890646406765
1447,170,3208,27144,513.7460655932823,365.98666343512235
1448,21,507,3852,117.99862130870707,352.00502824256324
1449,113,3924,28731,966.3548347182136,506.4776630519008
1450,318,9325,61282,2624.1040376055385,536.6200578293261
1451,1129,28404,239645,11547.211794226536,289.0946058931563
1452,2,19,209,10.876393234328305,215.3394186694561
1453,364,6550,49538,1118.2538705382283,472.01509344955497
1454,206,5016,34278,931.4192367362988,439.6963594851512
1455,773,19824,148540,7858.72604693476,537.916852769099
1456,75,1958,15419,837.693741699983,314.1733973815998
1457,2874,101161,779485,31260.331109535116,705.4742363753784
1458,2047,77754,642517,31983.59240829584,914.1111216430173
1459,91,3019,28747,1525.6784794354242,455.5271102255099
1460,432,10981,83772,15809.092468756015,620.0639548650156
1461,10,102,1111,48.62001858781876,218.40804639613233
1462,451,5267,48477,5173.406029081632,150.1968109054623
1463,107,2461,14003,842.380344300879,414.3142989673356
1464,4,109,783,63.078163022901755,160.69271159710453
1465,3974,68002,536982,13613.972395559034,379.92183258467713
1466,1931,49313,337835,9230.99738478143,638.4183787085657
1467,316,6386,44796,1215.5725914931045,430.1288226831641
1468,1596,58645,486806,28471.35832649841,698.7575519351698
1469,23,556,4148,18981.668346525446,515.7270579624636
